:020000041000EA
:1000000000B5324B212058609868022188439860DF
:10001000D860186158612E4B002199600221596106
:100020000121F02299502B49196001219960352056
:1000300000F044F80222904214D00621196600F024
:1000400034F8196E01211966002018661A6600F04E
:100050002CF8196E196E196E052000F02FF8012189
:100060000842F9D1002199601B49196000215960AB
:100070001A491B48016001219960EB211966A021F2
:10008000196600F012F800219960164914480160C1
:100090000121996001BC002800D000471248134993
:1000A000086003C880F30888084703B5996A0420EC
:1000B0000142FBD001200142F8D103BD02B5186610
:1000C0001866FFF7F2FF186E186E02BD00000240BE
:1000D000000000180000070000035F00212200005C
:1000E000F4000018222000A00001001008ED00E03C
:1000F00000000000000000000000000074B24E7A12
:1001000000200420F7010010CB010010CD010010E9
:10011000C9010010C9010010C9010010C901001077
:10012000C9010010C9010010C9010010CF01001061
:10013000C9010010C9010010D1010010D301001045
:10014000C1010010C1010010C1010010C101001067
:10015000C1010010C1010010C1010010C101001057
:10016000C1010010C1010010C1010010C101001047
:10017000C1010010C1010010C1010010C101001037
:10018000C1010010C1010010C1010010C101001027
:10019000C1010010C1010010C1010010C101001017
:1001A000C1010010C1010010C1010010C101001007
:1001B000C1010010C1010010C1010010C1010010F7
:1001C000EFF30580103800BE00BE00BE00BE00BECA
:1001D00000BE00BEF2EB887190020010DC0200103D
:1001E0003802001090A31AE721482249086006C887
:1001F00081F30888104720480068002801D01C4877
:10020000F3E70DA40ECC002902D000F012F8F9E7B4
:100210001A491B4A002000E001C19142FCD1194952
:100220008847194988471949884700BEFDE701C931
:1002300001C29A42FBD37047DC020010C0000020CC
:10024000688F002084910010708F0020B0A50020DE
:10025000C4A700100000042000000420C4A7001060
:10026000001004200010042000000000704700006F
:100270000000000008ED00E0000000D0B0A5002064
:1002800080090220B13E002029020020A93E002062
:100290004CA0002040A0002034A0002028A0002076
:1002A0001CA0002010A0002004A0002024A20020F8
:1002B00030A200203CA2002048A2002054A200202E
:1002C00060A200206CA20020DCA30020D0A30020AC
:0C02D00090A2002088A200207CA2002048
:1002DC00F8B5C04606480749091A8B10C90FC9184A
:1002EC0010B5491003D0044B002B00D0984710BD1B
:1002FC00B0A50020B0A5002000000000054B10B5F3
:10030C00002B03D00449054800E000BFFFF7E2FFD3
:10031C0010BDC046000000003C050120688F002085
:10032C007047C04630B587B007F0CCFF0024214D94
:10033C000290642102A808F069F904F01FFB002860
:10034C0021D004F02BFB00281DD16946AB6C0C307E
:10035C005B050918A2005B0D8B50039A04991300DE
:10036C0005980B43034301D08A4212D0601C032131
:10037C0003F040FB02A80C00642108F047F904F0DC
:10038C00FDFA0028DDD10023032403930493059385
:10039C00CFE78242EAD1002004F080FB012102A8C1
:1003AC0008F034F901236A4601A90020938004F077
:1003BC00FDFADBE70000115030B5D024802583B066
:1003CC0011202406AD0202F00FFF656207F07AFFE0
:1003DC00019001200021404204F0BEFB63682B42D7
:1003EC0010D0A56104F0DAFA002818D0142101A865
:1003FC0008F00CF901200021404204F0ADFB6368C9
:10040C002B42EED104F0C2FA0028EAD004F0C6FA6E
:10041C000028E6D1656104F0C1FA0028E6D104F0A9
:10042C00ADFA0028E2D004F083FB0028D1D10121E1
:10043C0001A808F0EBF8CCE710B582B0FFF770FF1D
:10044C0006F068FC00F0B8FC00F0B8FA00210020BF
:10045C0005F038FF022404F05FF801F07FFE8022E3
:10046C000B4B0C4901930094002352000A4807F0EF
:10047C0023FE8022094B0A49019352000023009469
:10048C00084807F019FE07F0DDFE002002B010BD91
:10049C0040080120EC9D0020A9010020340501201A
:1004AC00F09D0020150100200020704770B56A46B1
:1004BC00084C158A1800210000F0E6FF2B1C402D7B
:1004CC0000D94023220000219BB2002005F020FC23
:1004DC0070BDC04694BA002070B50600150001200E
:1004EC0082B0012905D1137800205B069B0F022BEB
:1004FC0001D002B070BD5378012BFAD16B7912790F
:10050C001B021343072BF4D16B46074C022221002C
:10051C00981D03F0A9FD6B46220029003000DB88F2
:10052C00083A04F0E3FFE4E760A00020074B10B5A5
:10053C001B68002B00D110BD054B186807F0CEFDD1
:10054C00044B186807F0CAFDF5E7C046B008022056
:10055C007C08012018010120074B10B51B68002BEB
:10056C0000D110BD054B186807F01EFE044B18682F
:10057C0007F01AFEF5E7C046B00802207C080120FF
:10058C001801012030B50F4C83B02368002B01D02B
:10059C0003B030BD0C4B8022019303230B49009315
:1005AC00520000230A4807F087FD01258022094BE1
:1005BC0009490193094800230095520007F07CFD7E
:1005CC002560E5E7B00802207C080120F89D00209A
:1005DC00BD09002018010120009E0020D110002030
:1005EC007047C04610B50248097802F011FAC046AF
:1005FC00049E002010B5014802F00AFA349E002037
:10060C000048704758A100200048704734A10020D2
:10061C003E2306220148C2547047C0462CA4002039
:10062C0070B5002826D0062833D81B4B8000C45840
:10063C00200008F06FFDC3B2181C1F2B18D8C02166
:10064C00C0B2421CD2B25200890011430D00002BE3
:10065C001CD0124B9C469A1C0023E15C0133118088
:10066C00D9B202328842F8D8634660461D8070BD0C
:10067C001F20E4E70A48C1250400074B0222196831
:10068C0003F0F2FCA31E9C46AD00EDE7034B9C4629
:10069C00EAE70020EBE7C04610A40020C8BC00200D
:1006AC00CABC0020004870470CA1002010B5040003
:1006BC00052002F0BFFFFA21890003F0C3F9631E85
:1006CC00C018210003F0BEF98023033080085B02C0
:1006DC00984205D30448C823044A0004D05010BDE6
:1006EC000028F8D10130F6E7FFFF00000000205091
:1006FC00D02380221B06D202002801D15A627047F7
:10070C009A62FCE7D0231B0658684003C00F704761
:10071C00431EFF2018400C4B0C4A1B685B0218430D
:10072C0080235B00034380209C46400253680342B5
:10073C00FCD1634680201361044A40025368034293
:10074C00FCD111617047C0466805012000002050A3
:10075C00431EFF2080211840094B0A4A1B6849029E
:10076C005B02184353680B42FCD11061802205498F
:10077C0052024B68180010401342FAD108617047BE
:10078C00680501200000205084460F4BFF221B6897
:10079C00083358026346591E0A40802110430B4A05
:1007AC00490253680B42FCD180211061074A490071
:1007BC0053680B42FCD16346106A1F2B03D82023CD
:1007CC0062469B1AD84070476805012000002050F3
:1007DC000A4B80211868FF2303304002084A184353
:1007EC00490253680B42FCD180214904106191608D
:1007FC00034A93680B42FCD07047C0466805012041
:10080C000000205080210A4B0A481B680A4A033317
:10081C005B021843490253680B42FCD18021490406
:10082C0010619160044A93680B42FCD07047C0463B
:10083C0068050120FF01000000002050F0B5344C89
:10084C0087B06368002B01D007B0F0BD00220121F6
:10085C00122002F093FC122002F0C6FC0621132099
:10086C0002F06AFC0621142002F066FC0022012131
:10087C00142002F083FC2749274806F063FA8023F2
:10088C005B0202930300C21C0A3317001B03D20144
:10089C001343224AC02613408022D20513430393EC
:1008AC001F4B050005930123206013220021360302
:1008BC00009319480133049606F0D8FA049B194AA0
:1008CC000021134033432A000493134802AB06F073
:1008DC0025FB052002F0AEFEFA21890003F0B2F8E8
:1008EC00FA21114B8900C01803F0ACF803308008D2
:1008FC000BD0C8220121084B0004985010329F5095
:10090C001A680A431A6061609EE70130F1E7C0463D
:10091C00680501206CA1002000002050FFFFFF9F04
:10092C00944E1A44FFFF00C0E703000010B5204CA2
:10093C006368002B3BD0FF22802023681D499C4616
:10094C0003335B021A4340024B680342FCD1802004
:10095C0040040A61886017498B680342FCD001226D
:10096C000B68144893430B606246134906F066FA11
:10097C00D02380221B06D2029A62122002F052FC73
:10098C0000220021122002F0F9FB132002F04AFC95
:10099C0000220021132002F0F1FB142002F042FC93
:1009AC0000220021142002F0E9FB0023636010BD3B
:1009BC0068050120000020506CA1002070B50221B8
:1009CC001D2002F0B9FB02211C2002F0B5FB002215
:1009DC0001211D2002F0D2FB002201211C2002F07B
:1009EC00CDFBE121002549020A4802F033FC0A4BF9
:1009FC000C201D60D02402F0F7FB802324065B0141
:100A0C006362064B0E201D6002F0EEFB8023DB01BF
:100A1C00636270BD0080034064080120340801202B
:100A2C001021F8B50C005E4A93691C40194245D15F
:100A3C005C48013493691942FCD1136803559369DE
:100A4C00194201D1202CF4D1002004F069FE0028B9
:100A5C0039D00122544B00201A60D02380221B066F
:100A6C00D2015A61514A524B12681A6004F06AFF63
:100A7C00844200D986E0220000204E4904F040FF59
:100A8C00002004F0FFFE002004F064FE1F2830D884
:100A9C00002004F05FFE002828D1474A1368170095
:100AAC00002B59D01368013B1360444B1E001B787C
:100ABC00DCB2002B41D100242000F8BD002004F052
:100ACC002FFE00284ED1384C2368002BF3D004F0B5
:100ADC0047FF0021324802F099FC0023374A23607B
:100AEC001370354A1360364A1360E4E7020010288D
:100AFC0000D91022D02380211B06490159612B4BB0
:100B0C002D491B680F000B602E4900200C0004F0CF
:100B1C002FFE210024180028C7D02020204A9369DA
:100B2C001842FCD10B7801311360A142F7D1234B51
:100B3C001E001B78DCB2002BBDD0234B1B681D00A4
:100B4C0007F0C0FB8542B7DA00240021144834704A
:100B5C0002F05CFC3C60AEE7D02380221B06520105
:100B6C009A61A2E70122104B1A60114A1368002BFC
:100B7C0002D0013B136086E7D02380221B06D201F2
:100B8C009A6180E7002004F0DDFE844203D90C4A10
:100B9C00136801331360002800DC74E704006AE773
:100BAC000080034013080120B408022090A4002008
:100BBC003408012014080120640801207C0902205B
:100BCC00DC00012044080120D400012070B507F09E
:100BDC0079FB084C084D2060FFF722FF0028FBD161
:100BEC002000296807F012FD0028F5D107F06AFBF8
:100BFC00F1E7C0462C05012094A400204A780B781C
:100C0C0012021A438B7870B50C00C9781B0413437D
:100C1C000906194300D10131304802F013FF0500D9
:100C2C00002004F07DFD00284DD1312D38D8012253
:100C3C002B4B1A60FA235B002A4A2B48136002F0F4
:100C4C0097FB002004F08CFE002004F0DFFD62789E
:100C5C00237812021A43A378E1781B041343090684
:100C6C001943214802F0F6FA6379012B29D0023B93
:100C7C005A425341DBB2A1794A1F032A00D90821F9
:100C8C002079002201240138844252411648013255
:100C9C0002F080FB002004F043FD002818D170BD49
:100CAC003221280002F0CEFE0D4B8100186009188D
:100CBC000E480123C9008142BED802F0C3FE0300D6
:100CCC00BAE70223D7E70A4B186807F007FAACE734
:100CDC00074B186807F068FAE1E7C0460068890915
:100CEC0094A4002090A4002000800340204E00001B
:100CFC007C0801200B4B10B518680C1E0ED107F0A8
:100D0C00EDF9D02380221B06D2019A61064A1460A9
:100D1C00802252019A61054B1C6010BD07F044FA09
:100D2C00FBE7C0467C080120340801206408012040
:100D3C0010B50C1E2CD01B4B994210D101211A4816
:100D4C0002F064FB0022194B1A70D02380221B0680
:100D5C0052015A618022164BD2051A6010BD012136
:100D6C00114802F053FB0122104B1A70D023802241
:100D7C001B0652015A6180220D4BD2051A6007F0F6
:100D8C00A1FAA3001B190B4A9B001B181360E5E783
:100D9C000021054802F03AFB044B1C70044B1C600C
:100DAC00DCE7C046FFFF0000008003407C09022006
:100DBC0064080120D400012010B54C4C200003F035
:100DCC00F9FB21780B091A0030329F2901D93733EE
:100DDC001A00474B1A700F220A4000212170110093
:100DEC003031092A01D937321100597061780A095A
:100DFC0030329F2900D907329A700F220A40002105
:100E0C00617011003031092A01D937321100D970C3
:100E1C00A1780A0930329F2900D907321A710F22A2
:100E2C000A400021A17011003031092A01D9373252
:100E3C0011005971E1780A0930329F2900D9073223
:100E4C009A710F220A400021E17011003031092AF9
:100E5C0001D937321100D97121790A0930329F2911
:100E6C0000D907321A720F220A4000212171110099
:100E7C003031092A01D937321100597261790A09C6
:100E8C0030329F2900D907329A720F220A40002172
:100E9C00617111003031092A01D937321100D97230
:100EAC00A1790A0930329F2900D907321A730F220F
:100EBC000A400021A17111003031092A01D93732C1
:100ECC0011005973E1790A0930329F2900D9073290
:100EDC009A730F220A400021E17111003731092A5F
:100EEC0001D830321100D97310BDC04668080120FA
:100EFC0080080220F8B5134F134D3B686A68040054
:100F0C000E009A421BD0052002F094FB6B68013353
:100F1C005901C91A8900C918090102F093FDFFF79C
:100F2C00C5FB6B683B60002C0BD02500082C00D94E
:100F3C00082531782800FFF7EBFB641B0136002CE9
:100F4C00F3D1F8BDD800012078BA0020F0B5C64620
:100F5C001F4D204C90462B68626807000E0000B5B0
:100F6C009A420FD0052002F065FB636801335901EA
:100F7C00C91A8900C918090102F064FDFFF796FB34
:100F8C0063682B603F231C003C403B4200D1402453
:100F9C003F060FD546462500082C00D90825280009
:100FAC00FFF7F2FB641B30700136002CF3D180BCD0
:100FBC00B846F0BD2500082C00D90825317828004A
:100FCC00FFF7A6FB641B0136002CF3D1EFE7C046FC
:100FDC00D800012078BA0020F0B5D64646464F46D8
:100FEC00564CC0B5564E6268336805008A469A4224
:100FFC000FD0052002F01EFB636801335901C91A9A
:10100C008900C918090102F01DFDFFF74FFB636849
:10101C00336001221700E9086E08A808164010403A
:10102C000A4020212F403318DB19D3185B011940DB
:10103C007B0019438123B6003143C00012010143E8
:10104C00114308201943FFF763FB207EFF27033071
:10105C00FFF79AFB0600207E3E400641012E21D070
:10106C000223F7B2023E9E4308D02130FFF78CFBDF
:10107C003800E0BCBA46B146A846F0BD637E002BF2
:10108C002ED002232B4252D1FFF762FB637E002B42
:10109C00EED000212020FFF73BFB00210120FFF7C1
:1010AC0037FBE5E7AB0724D4FFF752FB53461E682A
:1010BC0020203100FFF72CFB300008F01BF801005A
:1010CC000120FFF725FB01272D0602D51D4B9B6A3E
:1010DC00A360207B0028CBD00021FFF719FBC7E7CA
:1010EC00FFF736FB637E002BC2D002232B42BFD10D
:1010FC00CFE72020FFF748FB80460120FFF744FB99
:10110C008146404602F070FC4B461F40474037403A
:10111C007B1E9F417B4207271F4053460137002B04
:10112C0001D042461A60207EFFF712FBCCE721204B
:10113C00FFF72AFB207EFFF70BFB99E778BA00201C
:10114C00D8000120004005407047C0467047C0469B
:10115C000020704710B540220021094802F07EFFA4
:10116C0040220021074802F079FF002384208021CF
:10117C00054A13505350054A13508338535010BD31
:10118C00F8B9002038BA0020D4BA002060BB002087
:10119C00F0B5C64600B54B7984460C0082B0FF2BE7
:1011AC001BD18B79002B18D1CB79002B15D1802733
:1011BC00842089251B491C4ECB510B50F3513350C5
:1011CC007F3F04304B550F54735537542379DD0052
:1011DC00ED1A0935ADB2954205D90025280002B0AB
:1011EC0080BCB846F0BDE37A21001A00E0460F4BF4
:1011FC00604609317F3701921A7004F0F7F8F35901
:10120C007F3F3B409A010199B2184023404604F0BD
:10121C002FF92100064BA27C404610311A7004F0C5
:10122C00E5F8DBE760BB0020D4BA00207709022088
:10123C007609022070B5CA090024012A15D0402B6A
:10124C0011D880238422224D9C46EB58AE58013392
:10125C00833A1340B34219D18923EA541D4B01241C
:10126C00186806F0A1FF200070BD402BFBD8842528
:10127C00194C6359013363518823E35C002B14D060
:10128C00144B0124186806F08FFFECE763466646A2
:10129C00EB580133AB51AB591A4092014023521910
:1012AC0004F0E6F88923EC54EAE763591A400B4B37
:1012BC0092011B6812199BB204F0DAF88022635970
:1012CC00A25801339B1A5A4253418822A354D7E7A0
:1012DC00D4BA00201801012060BB0020D4BD00202E
:1012EC00F0B54E46DE4645465746E0B580255B4B8D
:1012FC0085B000935A4B5B4C02935B4B5B4E019356
:10130C005B4B9B465B4B99465B4B03938423E258A8
:10131C0063599A425CD084239A465346E75801237A
:10132C003B409B01E15C7E2913D17F2290464246D3
:10133C00E254635901379F4205D1306806F0CEFE66
:10134C006359BB42F9D001233B409B01E25C7E2AEE
:10135C00EDD053460127E1584022394089010098CD
:10136C00611802F081FE53465246E3580133A350F4
:10137C0089239846E35C002B5AD10199009800F020
:10138C00C9FE5B46186006F095FF4B4651465A590C
:10139C005B589A4220D04B465A4601205B59126842
:1013AC001840800112040199120C484402F05CFEB2
:1013BC004B464A465B594946013353518823002218
:1013CC00CA5407F06FF85346E25863599A42A4D1B5
:1013DC00306806F083FE99E74B4658595B46012767
:1013EC001A683840800112040199120C484402F02A
:1013FC003BFE4B464A465B590399013353514B46CE
:10140C0052469A585B463A401B6892019BB24A443A
:10141C000978002004F02CF807F044F85346E35800
:10142C0062599A4200D078E7306806F057FE6DE7B3
:10143C0006F040FF635900200133635163591F408C
:10144C00029BBA011978A218402304F011F800236A
:10145C004246A35407F026F88FE7C046F8B900209F
:10146C0077090220D4BA002038BA002018010120D4
:10147C00D4BD002060BB002076090220012303703C
:10148C00004870478CA10020F0B54546DE46574613
:10149C004E46E0B503780D001A00803AD2B28DB0FA
:1014AC001F2A08D94A1C91460B701D2B0ED8CB490C
:1014BC009A008A58974600F077FE040020000DB081
:1014CC00F0BCBB46B246A946A046F0BDFF23C44CB7
:1014DC002B70F3E700236B704778002F00D123E1CA
:1014EC00AB1C9946012301249A46013F851C6B1CB9
:1014FC0098463F223F232E7808253340324201D0B4
:10150C000733DD0873B20134002B00DA53E1FFF727
:10151C0079F94A4641463000FFF718FD6419002F4F
:10152C0000D179E14544013FE1E7FF2344786B703A
:10153C000134FE3B24041C43A94BE418BEE7FF23F3
:10154C006B704478002C00D1EEE0821C3F20013CF3
:10155C00FE3B01001578294028420CD00731C90800
:10156C0001315B18013C00D25EE152180100157884
:10157C0029402842F2D10933013C00D254E109320E
:10158C00E7E7984B1B78012B01D100F058FCFF23A7
:10159C00954C6B7092E7934B98461B78012B01D1BD
:1015AC0000F0EAFB002303226B70AB70EB70037945
:1015BC009B0700D449E18024894BE4021443E418CE
:1015CC007CE7431C0793874B827898461B780192E3
:1015DC000893C21C012B00D153E1019B002B01D1BC
:1015EC0000F0A9FC0221102006E0204207D10132B4
:1015FC00013B002B00D11DE114782142F5D10532BD
:10160C00F6E74378774A784C1373C37881781B02DA
:10161C000B431382437901791B020B435382002342
:10162C006B704BE78278437812021A43C3780479C3
:10163C001B04134324061C43FF23002C0ED005204F
:10164C0001F0F8FF674A40089046844201D200F04E
:10165C0017FC01235370424653600023634C6B709C
:10166C002CE7837802799A46C37812021A4343799D
:10167C0084791B04134324061C430223C356467867
:10168C009946002B00DA45E3002C24D0584B9C42A1
:10169C0000D91C005246574FBB6A9846D30700D559
:1016AC003CE3930701D500F01FFC530701D500F074
:1016BC00A4FC930601D500F0EBFC4B46002B0ADA98
:1016CC00F60904E04246BB6A9B1A9C4203D9FFF719
:1016DC0019F88642F6D1FFF715F8C001464C687030
:1016EC00ECE60023454CAB706B70E7E684784378EE
:1016FC00240205201C4301F09DFF414902F0A2F990
:10170C0060430138FDD100233E4C6B70D6E60024BB
:10171C00344B1C70FFF70AF96C703B4CCEE64378E7
:10172C000024012B3DD96C70384CC7E64378002B54
:10173C0000D1A5E2012B00D198E2FF23E4E7427827
:10174C00F12A00D1BCE300D98DE0042A00D1ADE32D
:10175C003121F02A00D0A5E301232D4CA9706B7028
:10176C00ACE60322002443781E491A405B07013281
:10177C00DB0F0A764B766C70D6E7811C407800281C
:10178C006DD00123C41DE408013424041C43144B04
:10179C00E418FFF7AFFB00236B708FE6FF246C702F
:1017AC00C2E701220F4B1A70FFF748F8194B1C6067
:1017BC0001346C70B8E7FFF70BF84A46414630002D
:1017CC00FFF7C4FBD446AC44E246002F24D0CC46F1
:1017DC00AC44E1464546013F89E6C046ACA1002039
:1017EC000100010078BA002002000600020005008A
:1017FC00C0C62D0000400540020007000300010098
:10180C0040420F000200030002000100020002002F
:10181C0003000200D8000120FEF7F4FF5346240415
:10182C001C43CE4BE41849E601221B041343CB4A5C
:10183C009C1843E6079BD41A022324041C43C74B71
:10184C00E41800236B70AB7038E6C47883782402FC
:10185C001C430134C14BA4041443E4182EE680202D
:10186C00BF4C400095E7FE2A00D107E3FF2A00D0C9
:10187C0018E34023AB700023EB700233B94C6B7050
:10188C001CE6EB1C05930023B74C2370019B002B2B
:10189C0001D100F021FC002392462E000693039305
:1018AC00029353465A1C1D78022304922B4200D1FA
:1018BC008CE043461F8A029B002B00D1A1E0112330
:1018CC000BA98B462B40012B00D1BBE102953500B7
:1018DC00160007E0002F00D1FBE12378013F002B1D
:1018EC0000D0F9E10E200BA9FFF776FB0228F1D00E
:1018FC000021030032002E00029D0291012B01D029
:10190C0000F0FFFB0B98059F010A38707970010CF1
:10191C00000EF8701020B970391D8C4602992B40BE
:10192C0009932840002900D17BE169B2002900DA33
:10193C00D4E1002800D0BCE0002B00D1E5E16346E7
:10194C000593002392460693039B0133039323785C
:10195C00002B00D0EAE2019B013B0193002BA0D1AC
:10196C00524635000492029B002B00D167E343469C
:10197C000BAF1E8A07E0002E00D175E32378013EE1
:10198C00002B00D070E339000E20FFF725FB022856
:10199C00F1D0012800D065E30B9B05991A0A0B7056
:1019AC004A701A0C1B0ECB700B1D8A700593039B8F
:1019BC00079A6B70089BAB70049B9C1A4A46059B5C
:1019CC0024049B1A1C43654BE41877E5029B002BFF
:1019DC0000D0E4E0537810781B02034390780004A5
:1019EC001843D37852460532924620221B060343F5
:1019FC000B932A4200D1F7E0424653610023029335
:101A0C00A2E7EB0657D4EB071AD5924607E0002F56
:101A1C0000D128E22378013F002B00D023E20021E3
:101A2C002800FFF7D9FA0228F1D05246029001287B
:101A3C0000D061E36DB2002D2ADA43469B681DE0AD
:101A4C00B246099226000BAC07E0002F00D18FE1C3
:101A5C003378013F002B00D08AE121002800FFF7EA
:101A6C00BBFA0228F1D0340003005646099A01282B
:101A7C0000D046E36DB2002D0EDB0B9B0598190AC6
:101A8C0003704170190C1B0EC370031D81700593FC
:101A9C0000239246069357E743469B680598190A1C
:101AAC0003704170190C1B0EC370031D81700593DC
:101ABC00E3E7634605935078137800021843937854
:101ACC00D2781B04034312061A435346053304937E
:101ADC00434693465A8AEB0716D5434692461F8ACD
:101AEC0007E0002F00D1BEE02378013F002B00D08F
:101AFC00B9E000212800FFF76FFA0228F1D0524616
:101B0C000300012800D0FCE2B2462F001600434629
:101B1C001D8A05E0002D35D02378013D002B31D1F5
:101B2C0038000BA9FFF758FA02000228F2D001285E
:101B3C0028D143465A690B9B13409B4500D1A9E021
:101B4C00002E03D02378013E002BE0D05546112304
:101B5C0002211020049A019E0FE0C04601000100F2
:101B6C00020022000400020074090220384207D14E
:101B7C000132013E002E00D192E017783942F5D1A6
:101B8C000532F6E703001000424651690B9A5546A0
:101B9C000A409345DCD010230343DBB2D8E743461D
:101BAC00AB461F8A3500160005E0002F48D023787D
:101BBC00013F002B44D10E200BA9FFF70DFA022890
:101BCC00F3D0320003002E005D46012800D098E2CD
:101BDC000B9B0599180A0B704870180C1B0ECB70D8
:101BEC000B1D88700593F5E643461F8A07E0002F0E
:101BFC0000D1B7E02378013F002B00D0ABE02800E8
:101C0C000BA9FFF7E9F90228F1D00300012800D055
:101C1C00A2E069B2002949DB012306930023029359
:101C2C0092E6002800D044E741460F8A61460591B0
:101C3C00002B00D0E9E6B246099226005C460CE780
:101C4C00030085E7099205E0002F40D02378013F7F
:101C5C00002B3CD128000BA9FFF7BEF90228F3D0CA
:101C6C000300099A4AE60300350071E782781342B3
:101C7C0000D1FDE0D02380221B0612025A6142E5FE
:101C8C008378DB0700D428E1D02380221B06520284
:101C9C005A6138E5049B56469A460023069353E650
:101CAC000492012B00D15EE6089380E643469B68C4
:101CBC0005991A0A0B704A701A0C1B0ECB70012373
:101CCC0006930B1D059300238A7002933CE63500A6
:101CDC00029F022302973BE70027FAE741468B68F5
:101CEC0039003B711F0A4F711F0C8F7108277F1829
:101CFC00BC460F0005930599090EF971002800D018
:101D0C00D7E6099B002B00D019E643461F8A634691
:101D1C00059390E7F009FEF7EBFCB5E4002E0FD12C
:101D2C004B46002B00DBD6E4FEF7ECFC002800D180
:101D3C00D1E44246CE4B9B6A9B1A9C42F4D8CAE42F
:101D4C004246BB6A9B1A9C4200D8C4E4BB6A9B1AED
:101D5C00A342F5D3BFE4030052460492002235009F
:101D6C000292F5E652460300350002970492EFE624
:101D7C00030034005546EBE60022BE4C81782270FD
:101D8C00C27812020A43934600D131E101790191E4
:101D9C008A0700D5D1E000230295994625000C0056
:101DAC00471DBA4601900BAF51464B780A781B027F
:101DBC0013438A7812041A43CB781B0613430B93F4
:101DCC0043461E8A05E0002E32D02B78013E002BB4
:101DDC002ED139002000FFF7FFF80228F3D001289C
:101DEC0026D1534604339A464B46013399465B46FB
:101DFC00013B9B46002BD7D143462C001E8A029DEB
:101E0C00019F05E0002E09D02278013E002A05D161
:101E1C0000210E20FFF7E0F80228F3D0494603001A
:101E2C00032238000C0A6970AC70EB70FFF7BFFB33
:101E3C004946030003220198029D0C0AF3E7C3787C
:101E4C0082781B02134302790BA912041A434379BB
:101E5C0000201B0613430B93FFF7BEF80023864CA0
:101E6C006B70FFF72BFB00223500022302926FE60A
:101E7C00D02380221B0612029A6144E402216BE4F7
:101E8C0000230520537001F0D5FB631E4008C018D9
:101E9C00210001F0D7FD0300022800D20223013BF0
:101EAC00FFF7D9FB754C6B70FFF708FB06227449E2
:101EBC00A81C02F0D9F80623724C6B70FFF7FEFADF
:101ECC004023AB700233EB70333B2B7100236B71EF
:101EDC0004336D4C6B70FFF7F1FAD02380221B0694
:101EEC0052029A61FFF70FFC760812D14B46002B79
:101EFC0001DBFFF7F0FBFEF705FC002801D1FFF733
:101F0C00EAFB42465A4B9B6A9B1A9C42F3D8FFF75A
:101F1C00E2FB4246BB6A9B1A9C4201D8FFF7DBFBF3
:101F2C00BB6A9B1A9C42F4D8FFF7D5FB524635008E
:101F3C00012304920CE6554C83E40B4216D0434625
:101F4C0006001F8A07E0002F00D1CFE02278013F66
:101F5C00002A00D0C4E000210198FFF73DF80228C8
:101F6C00F1D003003000012B00D0CCE00023594607
:101F7C002A1D03959A462500019F0139029093462C
:101F8C00002930D043461E8A0491019205E0002EB0
:101F9C0020D02B78013E002B1CD138000BA9FFF769
:101FAC001BF80228F3D00499019A012800D091E083
:101FBC000B9B1E0A56701E0C96705E4613701B0E01
:101FCC00F370534601339A460432002900D181E064
:101FDC000139D4E70300019A51464E460298039DFD
:101FEC000C0A921B1FE701233B42CBD00E27C9E7FB
:101FFC00032200230024002115E7B6080CD042462A
:10200C00BB6A9B1AA34201D3FFF765FBBB6A9B1A01
:10201C00A342F4D3FFF75FFB4B46002B01DBFFF72A
:10202C005AFBFEF76FFB002801D1FFF754FB424629
:10203C000F4B9B6A9B1AA342F3D3FFF74CFB069BF7
:10204C00002B00D1B3E443461E8A05E0002E0BD0D2
:10205C002378013E002B07D100210E20FEF7BCFF98
:10206C000228F3D00890A2E4022308939FE4C04610
:10207C000040054074090220020006000200020024
:10208C00A89E0020080002000600020003000300C6
:10209C0076090CD04246BB6A9B1A9C4201D8FFF7CA
:1020AC001AFBBB6A9B1A9C42F4D8FFF714FB4B46F5
:1020BC00002B01DBFFF70FFBFEF724FB002801D1FF
:1020CC00FFF709FB4246124B9B6A9B1A9C42F3D8C2
:1020DC00FFF701FB03007FE708930492039366E488
:1020EC00002403000322300021009CE6030003229D
:1020FC0030003C00390096E60022029B350002922B
:10210C0026E5350024E50024032221008BE6C04699
:10211C0000400540F8B503787F2B04D0FFF7B4F9E5
:10212C0007003800F8BD0B7046784E70002E10D0AA
:10213C00094F841C8D1C29002000FFF7A5F9030C06
:10214C00E41803041B0C013E3F18ED18002EF2D1CD
:10215C00E7E7014FE5E7C0460200020070B5002535
:10216C000F4C0520258001F065FA0E4901F06AFC40
:10217C000023237364230138606023611020633BC8
:10218C006561238301F030F8D024802324065B02A0
:10219C0063620F2001F028F880231B02636270BD7C
:1021AC0078BA002080841E00037801480B707047B9
:1021BC0001000100024BC918890001607047C0463C
:1021CC0040000034F8B5124C124DAC4212D201262C
:1021DC00002776422368002B0DD000F0D9FC0100BB
:1021EC002000FFF7E7FF66602772BFF35F8F0C34A8
:1021FC00AC42EFD3F8BD00F0CBFC01002000FFF7A0
:10220C00D9FF6660BFF35F8F0834AC42E2D3F1E7CD
:10221C0058A5002068A5002010B5040000F0B8FCFB
:10222C0001002000FFF7C6FF01235B426360BFF390
:10223C005F8F10BD10B50400012000F0C7FC034BEC
:10224C00C01880002060BFF35F8F10BD40000034C9
:10225C0010B5054B04000068C018801000F0A4FCF9
:10226C000023236010BDC04600FFFF2FF0B5DE46F3
:10227C0057464E464546E0B585B0EFF3058303223D
:10228C001A40B34B91005F58012393409B46029236
:10229C005A468846AF4B1A60AF4B03935B46AF4828
:1022AC0043630823FE5E002E37DABB881BB2002B7B
:1022BC0000DBA4E0BB79002B00D0E5E00823F95E3D
:1022CC00002920DB4B007A695B18DB00D3189D6872
:1022DC00DC686B1C00D104E1A04801004144826A17
:1022EC000B69AE1A9B1A9E4215D30123026A0298FF
:1022FC0083401A420FD0994800F03CFB8C4202DC20
:10230C00CCD18542CAD940BF05B0F0BCBB46B24661
:10231C00A946A046F0BD0D61EDE77A6973009146C0
:10232C009B19DB0099444B469C68DD6800F022FB4E
:10233C008D42BADC00D1F6E0002D00DADBE04A4633
:10234C004B4652691B699246039A934200D1CCE0EA
:10235C004A460821785E528800045146104398473B
:10236C00009001910099019A0B00134300D1C2E037
:10237C0013000A00002B00DBD9E020002900801A92
:10238C0099414B469860D96000229B5E002B00DA85
:10239C008BE75D007C69EA18D200A218009494685F
:1023AC00D268A2468A4200DD7FE702D1844200D97E
:1023BC007BE70824A4463B81BC44009C00972F007B
:1023CC006546B4463E0006E05E00F218D200A21844
:1023DC009768D268BA468A4207DC00D1B4E0F31899
:1023EC00DB00E518E35E002BEEDA66464A46009FFA
:1023FC0013802E80BB881BB2002B00DA5AE73A6997
:10240C00EFF3108172B61368002BFCD0BFF35F8F13
:10241C000123BE885B42BB8036B23B69BFF35F8F42
:10242C0000221A6081F31088002E00DA42E73B008C
:10243C0008333A0099467D6973009B190824115F93
:10244C00DB004846EB18002913DB9C680093A4467C
:10245C00DC6806E0A34240D00023F95E3800002976
:10246C0006DB4F007F18FF00EF19FB68A342F1DD7C
:10247C00009B068000201E5E1980002EDCDA1700FF
:10248C00BB79002B00D119E70023BB710823F95E3F
:10249C004B1C00D137E73D000835AC467C6903E0A6
:1024AC0084464B1C00D109E74B005B18DB00E0189D
:1024BC000A00E15E43881BB2002BF1DA01256D4264
:1024CC00EE178560C66008257B5F9342E9D06346B2
:1024DC0019803B8903803A81E3E7BB686345BBD92C
:1024EC00C6E7631C00D0F7E605E7534650461B6968
:1024FC009847002823D14B461B883A693B81EFF360
:10250C00108372B611680029FCD0BFF35F8F494667
:10251C007A880A803A697E80BFF35F8F0021116050
:10252C0083F31088C1E6844200D805E7BDE60B486A
:10253C0000F020FA009B019CC018614121E7534632
:10254C000CCB009201930DE7824500D847E74CE78E
:10255C00580501203C7005405D20002000400540DE
:10256C00074810B50268EFF3108172B61368002BA0
:10257C00FCD0BFF35F8F04F089FE0020002110BD5A
:10258C003C08012070B52D4C2569002D04D00A2182
:10259C002B48FFF70FFE70BD2A4E0321294800F08F
:1025AC00DFF9E66000F0F4FA274B0322C018D023C1
:1025BC0022701B061B6801216370244B8000A360F2
:1025CC000F2320610220638063694942A180198036
:1025DC000231198647311D83585218315A527532BF
:1025EC005C39995218320131995218320131995291
:1025FC00183201319952083518329D520231183275
:10260C0099521832013199521832013199521832BB
:10261C0001319952183201319952183201319952C3
:10262C000B4B0C49DC600130356200F023FB0121BF
:10263C00032000F00DFB084B1D60A8E798A40020B8
:10264C003C0801200040054040000034FFFF100012
:10265C00580501205D200020386005400048704777
:10266C0098A40020F8B51F0008AB1B7804001600D6
:10267C00002B07D100F086F932003B00121A8B4177
:10268C00002B51DB2269EFF3108C72B61368002B10
:10269C00FCD0BFF35F8F0223E15E256900293ADB92
:1026AC004B0060695B18DB00C218C35A6380BFF330
:1026BC005F8F00232B608CF31088069B9660D7608D
:1026CC001361079B5361538801335B045B0C181C2B
:1026DC00002B1ED083B25080080418432569EFF3F9
:1026EC00108672B62B68002BFCD0BFF35F8FA388CB
:1026FC001380A1802369BFF35F8F00221A6086F3D9
:10270C001088237801329A400849E3685B181A60F4
:10271C00F8BD0120DEE7BFF35F8F00232B608CF345
:10272C00108801204042F3E70020F1E73C20000034
:10273C0070B582B00092019301000269EFF310842E
:10274C0072B61368002BFCD0BFF35F8F0223C85EF8
:10275C000D6900283FDB4A69430016001B18DB009B
:10276C00D218F35A4B80BFF35F8F00232B6084F396
:10277C001088069B1361079B5361009B019C93601F
:10278C00D460538801335B045B0C1D1C002B20D0E0
:10279C00ACB20304558023430D69EFF3108C72B671
:1027AC002C68002CFCD0BFF35F8F8C881480888041
:1027BC000A69BFF35F8F002010608CF310880A78D1
:1027CC0001309040CA68084952181060180002B0D5
:1027DC0070BD0125DCE7BFF35F8F00232B6084F312
:1027EC001088013BF2E7C0463C20000010B543893D
:1027FC000A1493421ADD53009B184269DB00D3186C
:10280C000469EFF3108C72B62268002AFCD0BFF377
:10281C005F8F5A88090494B2090C8A4208D0036964
:10282C00BFF35F8F00221A608CF31088002010BD5C
:10283C00094A22435A80012302698371BFF35F8FD7
:10284C00002111608CF31088027804499340C2680F
:10285C00012052181360EAE70080FFFF3C200000C3
:10286C00F0B5CE46474680B504000D0085B0EFF3B9
:10287C0005868946002E10D0364900204B6AAB42A3
:10288C0006D38A6A5B1B591E8B41A24240411843F6
:10289C0005B0C0BCB946B046F0BD2F4FFB683A78C6
:1028AC0098461800039200F065F8039A131D4246EF
:1028BC009B009B5822001B1A9C462B00121A8B4122
:1028CC009E4210DC0DD020BF224A0020536A4B459B
:1028DC00DED3926A5B1B591E8B41A24240411843C6
:1028EC00D6E79445EFD900F04DF822002B00121AD0
:1028FC008B41002B1BDB00230193184B2200009310
:10290C0038002B00FFF714FF002810DD114B5A6A1A
:10291C004A451CD39B6AA34217D301003800FFF72A
:10292C0065FF0C4A0020536A4B45B1D3D1E7094AE5
:10293C000020536A4B45ABD30020926A5B1BA2422A
:10294C0040415A1E93411843A2E74A45E5D120BFA6
:10295C00E3E7C0460040054098A400205123002026
:10296C0010B5024A024800F087F810BDB09E002056
:10297C00E80001200300416A0A00986A596A8A42F9
:10298C00FAD17047034B596A0A00986A596A914206
:10299C00FAD170470040054070B505000E00184A8A
:1029AC00536A1900946A536A8B42FAD120001900B9
:1029BC002C00350024184D41AB4216D813D0104BC7
:1029CC002A005B6A9D4203D90D494B6A9342FCD3A2
:1029DC00934207D10A4A02E0516A994202D1916AA4
:1029EC00A142F9D370BDA042E9D9054B5B6A1C002A
:1029FC005A1CEFD0012201246442E5175242E3E74E
:102A0C00004005408023DB051868000F7047C04666
:102A1C000FB400B5084883B001F094FC049B002B64
:102A2C0007D005A91800019101F02CFB034801F017
:102A3C0089FC012001F03EFBD49E0020E49E002086
:102A4C0010B50148FFF7E4FFE89E0020EFF310807B
:102A5C0072B6034A1368002BFCD0BFF35F8F70472C
:102A6C002C0100D0BFF35F8F0022024B1A6080F361
:102A7C00108870472C0100D070B58C461600EFF30F
:102A8C00108472B60F490B68002BFCD0BFF35F8F1C
:102A9C006346DB08C5180722C05C63461A40012355
:102AAC0093401A000240034207D118432870BFF329
:102ABC005F8F0A6084F3108870BD61463000FFF7A9
:102ACC00A7FFC0462C0100D0F8B5CE4647468C4631
:102ADC0080B51C00EFF3108872B61C490B68002BF4
:102AEC00FCD0BFF35F8FA24221D80723994602E0A6
:102AFC000132944218D34946012611408E40D30826
:102B0C00C718C35C1E42F3D1100033433B70BFF3B4
:102B1C005F8F00220D4B1A6088F3108800280EDBA3
:102B2C00C0BCB946B046F8BD01204042EFE7BFF348
:102B3C005F8F00230B6088F31088012040426346AE
:102B4C00002BEDD00898FFF763FFC0462C0100D096
:102B5C0010B584460A00EFF3108472B60B490B686B
:102B6C00002BFCD0BFF35F8F0723D008134001224A
:102B7C009A4063461B5C934362461354BFF35F8FCA
:102B8C0000230B6084F3108810BDC0462C0100D0CC
:102B9C00044A1078431CDBB2172B00D91023137096
:102BAC007047C046B0A40020064B10B5C3180100F6
:102BBC009B00BFF35F8F002203481A60FFF7C8FF2A
:102BCC0010BDC04640000034EC00012000B5054BA0
:102BDC0083B00100009318221F230348FFF774FFF2
:102BEC0003B000BDF89E0020EC0001200021044B36
:102BFC00044ABFF35F8F02C39342FAD17047C046B9
:102C0C00000100D0800100D0084B094A1360094A2A
:102C1C001360094A1360094A1360094A1360094A90
:102C2C001360094A1360094A1360704780808080E2
:102C3C0000E400E004E400E008E400E00CE400E060
:102C4C0010E400E014E400E018E400E01CE400E010
:102C5C001F2318401E3B8340002905D0C021044A85
:102C6C004900535013607047802201498B50FAE79A
:102C7C0000E100E070B50D00EFF3108672B60F4A5C
:102C8C001368002BFCD0BFF35F8F0D4B10309B688B
:102C9C0084001B590B4A934203D09D4201D000F093
:102CAC0077FD074B9B681D51BFF35F8FBFF35F8FA1
:102CBC000022024B1A6086F3108870BD240100D0EC
:102CCC0000ED00E0C1010010F0B5DE4657464E465F
:102CDC004546E0B5824683B08B461700EFF310886B
:102CEC0072B6604A1368002BFCD0BFF35F8F0025CF
:102CFC005D4B5D579946002D00DA9AE04A466B0011
:102D0C005A4C5E19B6000193A31900939B7913706A
:102D1C00574B9A68534610339B00D15899460B1B5E
:102D2C002F2B32D9534B994200D098E0019B02369D
:102D3C00ED18514BAD006353504BA619043B9B1B34
:102D4C004F4A1B055B0D651913436B804D4B0121DD
:102D5C00AB80FF23AB715B46AB60009BEF710B4309
:102D6C0019004A46424B9B689950BFF35F8FBFF3E3
:102D7C005F8F00223B4B1A6088F3108803B0F0BCC5
:102D8C00BB46B246A946A046F0BD01200A008243CC
:102D9C00D379B446BB422DD83B4BB51C190013005C
:102DAC001B1B5B415943090D8C46334B6519A353CF
:102DBC00324B0099043B5B1B1B05314D5B0D2B43C8
:102DCC0004364B80A619131F9B1B1B055B0D1D4363
:102DDC0063468B715B468B602C4B8D80CF7113607F
:102DEC000143BEE75800C01880002018C679BE42C7
:102DFC0025D902000623D356002BF3DA9A46131D6D
:102E0C009C4623486346009E9571043EF61A36058F
:102E1C001B4B760D1E43019B96805A19534692000C
:102E2C00A418A3715B46194AA0802260E771A360C5
:102E3C0097E700F0ADFC00254B465D575EE7664614
:102E4C009A46131D9C469088043640050015A61919
:102E5C006044801B00050A4E400D3043D2E700F061
:102E6C0097FC63E7240100D07B090220B4A4002066
:102E7C0000ED00E0C101001000A1FFFFE4A4002060
:102E8C0000E0FFFF01BDFFFFAAAA00000148804738
:102E9C0001BD0000F0B54546DE4657464E46E0B54E
:102EAC000D0083B0EFF3108872B6604A1368002BE4
:102EBC00FCD0BFF35F8F5E4B5E499A680300103302
:102ECC009F00D45999468C423ED0AC424FD05A4EBA
:102EDC00A21B2F2A38D8594B1A689C461300012282
:102EEC00824013401F22024001209A4690406346C4
:102EFC00802283469850BFF35F8FEFF305830193D5
:102F0C00002B36D0994501D000F042FC0123220061
:102F1C009A439068854208D176E04B005B189B0081
:102F2C00F3189868854236D01A00062151560029AC
:102F3C00F3DA854254D05346002B27D0C022594691
:102F4C003E4B520099501960394B9B68DC51BFF3D2
:102F5C005F8FBFF35F8F0022344B1A6088F31088A9
:102F6C0003B0F0BCBB46B246A946A046F0BD0C006F
:102F7C00EAE7220001339A4390688542D5D10620B6
:102F8C001056130000280ADA0C0031E08023594651
:102F9C002A4AD150D8E706201856002821DB4200D7
:102FAC001118890075188946A9689960E979D97151
:102FBC00062169569971002924DBAD88F11A6D053B
:102FCC002D154D44491909051D4D490D294399806D
:102FDC0013181C4A9B001178F31899711070AAE70A
:102FEC0013000199002914D1FF3191711649918078
:102FFC0014490A789A71154A9B1B5B415A43120D6E
:10300C000A7098E71049E2E70620105613000028D2
:10301C00C5DA0F4A0F49D21A083A5002400D014343
:10302C0099800D4952080A43DA8084E7240100D0C4
:10303C0000ED00E0C1010010B4A4002000E100E0AC
:10304C0000E0FFFF7B09022001BDFFFFAAAA0000E0
:10305C00EEA4002000F0FFFF00F8FFFF084A8308F1
:10306C009B009B181A6810B5140003221040C00076
:10307C00FC3282409443220081400A431A6010BD06
:10308C0000E400E00123034370B59C46EFF3058197
:10309C00EFF3108572B6214A1368002BFCD0BFF3F6
:1030AC005F8F1F4B04001F4AE41A64416243120DE8
:1030BC001D4C8900A66852B2765866451CD0062174
:1030CC00595691421CD012215956914222D01E21A0
:1030DC005956914220D02A2159560324914210D09E
:1030EC00124B19781A708171BFF35F8F00220B4B52
:1030FC001A6085F3108870BDA3680D4C5C50EFE727
:10310C0000246100091989005B18FF219971094994
:10311C009980E5E70124F4E70224F2E7240100D0CA
:10312C00B4A40020AAAA000000ED00E07B09022054
:10313C00C101001001BDFFFF10B54024074A8300F8
:10314C009A181268C0005440C0222240044C1B192B
:10315C001A60044BC018416010BDC04604C0014049
:10316C0004D0014000400140034BC000C01843682C
:10317C001F2018407047C04600400140064B80009D
:10318C00C3181B68C90092000A435A400C23134011
:10319C00024A80180360704704C0014004D001400B
:1031AC00064BC000C3181B6809045940C0239B027E
:1031BC001940034BC01801607047C04604400140E1
:1031CC0004500140064BC000C3181B68090359404A
:1031DC00C0239B011940034BC01801607047C046C7
:1031EC0004400140045001400123D02283401206C8
:1031FC0093629361084A83009A18116840225140E7
:10320C0080320A400549C0005B181A60044BC01894
:10321C00052343607047C04604C0014004D0014000
:10322C0000400140084A83009A181168402251401E
:10323C0080320A400549C0005B181A60044BC01864
:10324C001F2343607047C04604C0014004D00140B6
:10325C0000400140F8B5040006200D0000F0EAF92A
:10326C00002843D0364B3749E3185A1E934180222D
:10327C005B429B0D12049B059B18334A1360334A27
:10328C00136018000A689043FBD12D4B304AE318A9
:10329C0059424B4180215B0049000620995200F0B5
:1032AC00C9F92900C00000F0CDFB0130C3091ED1C3
:1032BC00402701226262A362266BF30722D4E36AE1
:1032CC00244B0620E51800232B60266300F0B2F98E
:1032DC003900800000F0B6FB7023E26A5A400E33CE
:1032EC0013402B601C4B23630323A364F8BD1B4AC0
:1032FC0093421DD900231A4A1A4F6262A362266BAD
:10330C00F307DCD5184B144AE3181A60656AA36AF4
:10331C000620AD01ED1800F08DF9144900F092FB78
:10332C000100A80200F08EFB0021FFF735FBC6E779
:10333C0040069A01800E17181A000300BAE7C0461F
:10334C000080FCBF08C0004000E0004000F00040DE
:10335C00700801202C10000001030000FEFF00008B
:10336C00FFFF0000C0FF3F00303000004E0E000099
:10337C00064BC3185A1E934180225B429B0D1204CC
:10338C009B059B18024A13607047C0460080FCBF27
:10339C0000E000400539013AF8B5D2004C010500B7
:1033AC001443002B06D0013B5A4253419B0023434C
:1033BC0002241C432E6BF30708D46E23EA6A624086
:1033CC0013400E4AAA1813602E63F8BD0C4B0D4A1D
:1033DC00EB181A606B6AAA6A9B0106209F1800F012
:1033EC0029F9094900F02EFBBF020100380000F05A
:1033FC0029FB0021FFF7D0FADFE7C0462C100000B4
:10340C0030300000010300004E0E0000F8B5056BD3
:10341C0004000F00EB0708D40121E36A7B4019403C
:10342C000D4BE31819602563F8BD0C4B0C4AC318FF
:10343C001A60436A826A9B0106209E1800F0FAF813
:10344C00084900F0FFFA0100B00200F0FBFA00217D
:10345C00FFF7A2FAE0E7C0462C1000003030000065
:10346C00010300004E0E0000F8B5DE464E46454600
:10347C005746E0B505008B4618000A99914600F0B6
:10348C00E1FA0A9B6C001E026419304BA400E4188C
:10349C00636880469E4200D966602F1FFBB29A4635
:1034AC00012B2FD9C0238022294FAD009B017959C4
:1034BC001201E3181A6000291BD14B4622685B01EC
:1034CC005340E022134080225201A218136053464D
:1034DC00012B2FD9802380229B01E31812011A6043
:1034EC00434666607B51F0BCBB46B246A946A0463B
:1034FC00F8BD786900F0A6FA013043001B18033BB5
:10350C00FDD2DAE75B46012BCCD1C02303229B0111
:10351C00E3181A60023AA3681A42FCD04A462368A0
:10352C0052015A40E023134080225201A218084F46
:10353C001360AD0058460323216841400B401360D3
:10354C0001228240A3681A42FCD0C3E700800040ED
:10355C00F0000120F0B5D6464F464646440098464A
:10356C002418324BA400E41863688A469146C0B50F
:10357C00FF2B02D880235B006360061FF6B2012E7E
:10358C002FD9C02380222A4F85009B017959120123
:10359C00E3181A6000291BD14B4622685B0153408B
:1035AC00E022134080225201A2181360012E30D960
:1035BC00802380229B01E31812011A6080235B0098
:1035CC00636043467B51E0BCBA46B146A846F0BDA9
:1035DC00786900F037FA013043001B18033BFDD229
:1035EC00DAE75346012BCCD1C02303229B01E3180D
:1035FC001A60023AA3681A42FCD04A462368520168
:10360C005A40E023134080225201A218084F136045
:10361C00850050460323216841400B401360012272
:10362C008240A3681A42FCD0C2E7C046008000402A
:10363C00F0000120014B8000C0587047F0000120C1
:10364C00F0B5C646040000B52348160098460D0098
:10365C0000F0F8F90100300000F0F4F94346069A46
:10366C001B04120313439C4623680600002B22DB29
:10367C001A4B1B48E218531E9A4180235242120BDC
:10368C009B011203D218174B1A60174B1A601300C8
:10369C0001688B43FBD12122144B2560E318A660F3
:1036AC001A602268002AFCDA6246E26008221A607C
:1036BC0080BCB846F0BD3F2322681340AB42D7D143
:1036CC00A3681B051B0D8342D2D1EE22E368D20204
:1036DC0013406345CCD1EBE7001BB7000040FDBFA6
:1036EC0008C0004000E0004000F000400430000042
:1036FC008023024A9B000B43D36270470080054035
:10370C00002310B50100988A1B8B984710BDC0464A
:10371C00162310B5010018885B88984710BDC04669
:10372C00F8B54746CE4680B50F1E18D014239946DF
:10373C00043304000025012698464B46188843465E
:10374C0021681B88984701C4431E984101350640E7
:10375C00AF42F2D13000C0BCB946B046F8BD01262C
:10376C00F8E7C046AA23064A1B0113608D235B00B1
:10377C00D3600449044B19605368002BFCDA704782
:10378C000040024000B0FA00006002407047C046A2
:10379C0010B50148FFF73CF9149F002070B5074D98
:1037AC00074EB54209D20024013E761BB6080136FD
:1037BC0008CD01349847B442FAD170BD68A50020F9
:1037CC00A4A50020054B064A06491A60064A074B79
:1037DC001A6010000B689843FBD1704700E0004062
:1037EC00BFCDFBFE08C00040FE7F3C0000F0004057
:1037FC00044BDB6C002B03D18022034BD2021A60EA
:10380C007047C046000011504C201150044A054B23
:10381C001A60054A1368DB018033FBD17047C04640
:10382C00FFFFFF0100F0004008C000404022034BA6
:10383C009A675A671A67DA667047C04600F001400B
:10384C0010B5FFF7D3F910BD70B52849284D294E96
:10385C006D1AAC102200302C00D9302230009200AE
:10386C0000F002FCBC2D3DD823002A3B224A052B3C
:10387C001DD9302075196D07A446001BEB0F002DC8
:10388C0003DA611C8C46A1007250C01AE3189B002D
:10389C004108F318C900C9181A605A6008339942D4
:1038AC00FAD1012303421DD0984360440400A300C5
:1038BC00F250631C2F2C15D09B00F250A31C2E2C05
:1038CC0010D09B00F250E31C2D2C0BD09B00F2501F
:1038DC00231D2C2C06D09B00F250631D2B2C01D0E9
:1038EC009B00F250054B9E6070BDC046000100105D
:1038FC00C001001000000020C101001000ED00E02C
:10390C00002310B5294C82B0A367FFF72BFF0122CF
:10391C00274B1A60636C012BFCD10322254B1A60D8
:10392C00224A936B012BFCD1013300930121224AD3
:10393C0022480433FFF784FE052301210093204A1B
:10394C002048FFF77DFE0022022104201E4BFFF7CA
:10395C0001FE0022012105201C4BFFF7FBFD00227C
:10396C00002107201A4BFFF7F5FD0022002108204B
:10397C00174BFFF7EFFD8023DB00009300220021A3
:10398C000920134BFFF770FD0022104B002106207D
:10399C00FFF7E0FD0420FFF74DFE0E4900F052F852
:1039AC0001000020FFF7A4FE02B010BD0080004013
:1039BC003CB0004030B00040002F685900800240FD
:1039CC00008C864700C00240001BB70040597307AB
:1039DC00006CDC0240420F0001480421014B1847E7
:1039EC0000A5002011350020014B1B681847000072
:1039FC0000A50020124A936F9B0815D29066D166E1
:103A0C00002905D0FFE7FFE7FFE7516F106F704704
:103A1C0004B580210906C2175140002800D0C843C4
:103A2C0005F066FB002104BDF0B5146E556E576FA2
:103A3C00166FFFF7E3FF1466556657671667F0BD00
:103A4C00000000D0114A936F9B0813D21066516688
:103A5C00002905D0FFE7FFE7FFE7516F106F7047B4
:103A6C0004B5002801D00020C04305F041FB002123
:103A7C0004BDC046F0B5146E556E576F166FFFF748
:103A8C00E5FF1466556657671667F0BD000000D059
:103A9C0094464A4A926F9208624601D228E0C04688
:103AAC00F0B5464E346E756E776F366F00F020F8B9
:103ABC009446424A14665566576716676246F0BDCF
:103ACC0094463E4A926F9208624601D254E0C04638
:103ADC00F0B53A4E346E756E776F366F00F04CF869
:103AEC009446364A14665566576716676246F0BDAB
:103AFC00002B24DB11D000293EDA00B5C94340422B
:103B0C0000D1013100F038F8C943404200D10131F5
:103B1C00DB43524200D1013300BD002AEBD1002817
:103B2C0001D1002905D00020C90FC90701D1C0431C
:103B3C00410800B505F0DCFA0022002300BD00B5F9
:103B4C0000290ADBDB43524200D1013300F014F8A8
:103B5C00C943404200D1013100BDC943404200D1AC
:103B6C000131DB43524200D1013300F005F8DB4355
:103B7C00524200D1013300BD002923D1002B18D1B2
:103B8C00002A0CD0BC460D4F38667A660021002303
:103B9C00FFE7FFE7FFE77A6F386F6746704700284B
:103BAC0001D00748010000B505F0A2FA002200235D
:103BBC0000BD02000B00002000217047000000D067
:103BCC00FFFFFFFF002B00D0BFE0130C28D1002A11
:103BDC00E7D080B4114F39667A66FFE7FFE730B45F
:103BEC00040C7B6F396F1B0423433B667A66FFE73B
:103BFC00FFE7FFE7C04684B27B6F3D6F1B04234396
:103C0C003B667A66FFE7FFE7C04600232C042D0CC9
:103C1C007A6F386F00196941B0BC7047000000D052
:103C2C00F0B594460025140E01D112020835140F7C
:103C3C0001D112010435940F01D192000235D40F39
:103C4C0001D152000135D40B0134254F7C66254C33
:103C5C003C660E0C93B2FFE7FFE7FFE73C6F664351
:103C6C00360C7703BE467343DF0B5B04C01AB941B5
:103C7C00130C7343DB18C91ACE086643360CB644D2
:103C8C0093B273431F0F1B01C01AB941130C73433A
:103C9C001F0B1B05C01AB941860D8F023E436643AC
:103CAC00360C092D24DB520A7243801A7703460A1C
:103CBC006643360C16235B1BDE40DF40BF1964469F
:103CCC006643821B7046043506330100D940A84078
:103CDC00C01900D30131A24206D20023F0BD00006E
:103CEC00000000D0FFFFFFFF121B0130F3D3F1E700
:103CFC0009277F1BFE406446A2B27243801A00D291
:103D0C000139220C7243130C1204821A99410B00D4
:103D1C007046043513370100F940A840801900D3D0
:103D2C000131002B02D1A2420AD2F0BD013000D3E6
:103D3C000131121BFAD2013BF8D1A24200D2F0BDE4
:103D4C00013000D30131121BF7E7F0B51C0C00D089
:103D5C0080E00CB400251C0A04D11B02160E334360
:103D6C00120208351C0B04D11B01160F3343120130
:103D7C0004359C0B04D19B00960F33439200023503
:103D8C00DC0B02D192185B4101351C009718644181
:103D9C000134464F7C66464C3C660E0CFFE7FFE751
:103DAC00FFE7C0463C6F6643360C7703BE4697B2BE
:103DBC007743C01B00D20139C01B00D201399FB21E
:103DCC007743C91BC91B170C77437E04FF0B801B61
:103DDC00B941CE086643360C0C2D33DBB644120BBE
:103DEC001F053A431B0B97B27743C01B00D2013916
:103DFC009FB27743C91B170C77433E043F0C801BC3
:103E0C00B941860D8F023E43664329277F1BFE4036
:103E1C000C3D7746AF40BF1930BCA2B2ABB2724377
:103E2C007343801A9941220C7243130C1204801AAA
:103E3C00994102000B000137001BA941F9D2781EF1
:103E4C000021F0BD0C277F1BFE4077467F0BAF4057
:103E5C00FF19E0E700245D1C07D0144F7D6639661E
:103E6C00FFE7FFE7FFE7FFE73C6F95B29EB26543C4
:103E7C006643401BB141150C1E0C6543664336046A
:103E8C002F0C3E432D04401BB141994204D2020039
:103E9C000B0020000021F0BD01D19042F7D3801A15
:103EAC00994101349942F2D3F6E70000000000D0AA
:103EBC00FFFFFFFF132370B51D78012D19D014DD02
:103ECC001F48FFF725FC06001E48FFF721FC1E4C7F
:103EDC0080223100200000F0C7F8022D2DD01B48A5
:103EEC00FFF70EFC1A4B186070BD1A4B164CA364EE
:103EFC00F5E7184B144C23606360A360E360236107
:103F0C006361A361E36123626362A362E36223637F
:103F1C006363A363E36323646364A364E36423655F
:103F2C006365A365E36523666366A366E36623673F
:103F3C006367A367E367A364D1E7064BA364CEE78B
:103F4C005344000053460000B8B700204C33000027
:103F5C0038080120493D002007B5604601880A0A4F
:103F6C000230DF2AFAD1C9B2820804D30288408811
:103F7C000004104300E00068014A5050039007BD54
:103F8C00B8B7002051434343C9188C46110C83B277
:103F9C004B4310B4040C614392B280B25043624361
:103FAC001C041B0C001910BC59411304120CC01832
:103FBC005141614470470000132310B51C7813481D
:103FCC00FFF7A6FB012C0BD004DD0100802210486A
:103FDC0000F04AF80F48FFF793FB0F4B186010BD29
:103FEC000B4C01005422200000F03EF80B4B636593
:103FFC00A365E36523666366A366E366236763676D
:10400C00A367E3672362E361E4E7C046534600001D
:10401C00B8B800204C33000038080120113E0020B5
:10402C0007B5604601880A0A0230DF2AFAD1C9B204
:10403C00820804D3028840880004104300E0006822
:10404C00014A5050039007BDB8B800200148042124
:10405C00014B184710A5002011350020014B1B689F
:10406C001847000010A50020014B5B6818470000A2
:10407C0010A5002010B5002800D110BD00F018F9D3
:10408C00FBE7C04610B5094A0300146884B0002C45
:10409C0008D0012200910648524203A9A0470120F2
:1040AC0004B010BD00F04EF90020F9E730050120F6
:1040BC00653E002000BEFDE710B5FFF7FBFFC046D4
:1040CC0070B5FFF76BFB074D074EB54209D20024C4
:1040DC00013E761BB608013608CD01349847B44230
:1040EC00FAD170BDA4A50020B0A50020030010B526
:1040FC00080011001B68984710BDC046F8B5437DF9
:10410C0007000D001600002B38D0002A1ADD0B78A2
:10411C000A2B18D00020012E09D0012421006B5C41
:10412C0001340A2B1AD0B442F8D1864203DD311A7D
:10413C003B6828189847AD19013D2B780D3B5A4226
:10414C0053413B75F8BD037D002BE3D102210E4892
:10415C003B689847012EEED00120DEE76B1E5B5CBE
:10416C000D2BE0D0884203DA091A3B6828189847CF
:10417C00054802213B6898472000D4E703681100EA
:10418C0028009847DEE7C04678A20020F0B54646E6
:10419C00D6464F46C0B582B090461C0006000D00B6
:1041AC00FEF7F0FB00232F4A12184B41002B02DACA
:1041BC0001222D4B52422D4908008A4604F0E0FFA3
:1041CC0081466B1C03D1300004F0A4FF0500002CC9
:1041DC0027D0274F274B1C68002C18D04346002BA8
:1041EC0021D1254B984602E02469002C0FD023687E
:1041FC00002BF9D043461B68002B01D09C42F3D115
:10420C0020002A003100B8472469002CEFD14B461E
:10421C00002B23D1280002B0E0BCBA46B146A84618
:10422C00F0BD164FD6E7144B984602E02469002CDB
:10423C00EDD02368002BF9D043461B68002B01D02E
:10424C00A342F3D12A0031002000B8476B460A2262
:10425C002000DA71D91D093AB847E7E7504605F056
:10426C0017F8D7E740420F00FFFFFF7F60A5002043
:10427C00ED3E00201C01012024010120DD3E002028
:10428C000A4A1368002B05D10CE01A001B69103286
:10429C00002B07D08342F8D1002902D11869106095
:1042AC00196170470029FCD01060FAE71C0101204D
:1042BC00F0B5CE46474680B583B06B460600DD1D93
:1042CC002870FEF75FFB0023194A12184B41002B94
:1042DC0002DA0122174B524217490800894604F0B2
:1042EC004FFF164B80461C68002C14D0144F02E074
:1042FC002469002C0FD02368002BF9D03B68002BCD
:10430C0001D09C42F4D1200001222900FFF7F6FED7
:10431C002469002CEFD14346002B05D1300003B0AB
:10432C00C0BCB946B046F0BD484604F0B1FFF5E755
:10433C0040420F00FFFFFF7F60A500201C01012001
:10434C002401012070B5040004F0E4FE01230100F7
:10435C00050001222000FFF719FF084B1C68002CF8
:10436C0006D06368002B05D098472469002CF8D13F
:10437C00280070BD2469002CF3D1F9E71C01012041
:10438C00F0B5002915DD0E4B0D271A680D4B0E4CA0
:10439C00D3185D426B41451820215B001E5F0478E9
:1043AC00A64207D093691942FCD101301460A8428F
:1043BC00F5D1F0BD93691942FCD11760F2E7C04604
:1043CC00780801200080FCBF700801201F4B30B51D
:1043DC001B680D1E9C462ADD441E102100201C4B20
:1043EC001A689369194214D1013093691942FCD1AE
:1043FC00136823548542F4D16346002B07D0502315
:10440C009363516B183B0B401249521813602800F0
:10441C0030BD6346002B07D050239363516B183B80
:10442C000B400C49521813600028F1D10BE0002B03
:10443C0009D05022064B1B689A63596B183A0A40F4
:10444C0004495B181A6003204042E1E7E0000120B8
:10445C007808012034100000064B10B51B68002BA7
:10446C0006D00021044A12689163044A10689847E8
:10447C0010BDC046E000012078080120E4000120B6
:10448C000822034B19688B691A42FCD17047C0464D
:10449C007808012070B51A4E1A4B32680400D318F4
:1044AC0058424341184D143318002B68002C02D08D
:1044BC00002B0FD070BD002BFCD0060000219463A4
:1044CC00FEF7C6FB30001149FEF7E4FC104B2C60E4
:1044DC001C60EFE72C6004000D4B19600B49FEF7D4
:1044EC00C9FB01212000FEF7B3FB502233689A630D
:1044FC00596B183A0A4007495B181A60DAE7C0464C
:10450C00780801200080FCBFE00001204942002017
:10451C00E4000120341000000D4B10B51B780D4B3E
:10452C000D4C1B780D4B02211B780D4B002023608A
:10453C00FEF702FE02210120FEF7FEFDE1212068BC
:10454C004902FEF787FE01210648FFF799FE10BDD0
:10455C00D8020010D402001078080120D0020010FC
:10456C000040034020A5002070B50C4C0E001D002F
:10457C002060002A03DB02211000FEF7DDFD002D78
:10458C0003DB02212800FEF7D7FD31002068FEF77F
:10459C0061FE01210248FFF773FE70BD780801200F
:1045AC0020A5002010B5024800F00CF810BDC04644
:1045BC000C08012010B508220149FFF755FD10BD6C
:1045CC000C08012010B588B004000D2200216846AB
:1045DC00FFF744FD0D22002104A8FFF73FFD4B23FC
:1045EC006A466846137004A90D2204F0BBFE15211F
:1045FC00082220006944FFF737FD08B010BDC04603
:10460C00F8B500F071F90C23194DFF22AB670520AA
:10461C001849FEF759FB184C402200212000FFF7E7
:10462C001DFD4027002301262121144A6670278393
:10463C00A260136063545F31618445396354104A3E
:10464C0010496360E2602787A1620B606362E262DB
:10465C0004F01AFF80239B052E64EB6490230A4A16
:10466C000120EA508022094B5202DA64F8BDC046A0
:10467C0000001150699300202C010120840010507F
:10468C00000110508000105010D00100002011507B
:10469C0010B504F0F9FE08490520FEF7FBFB80225B
:1046AC00064B52041A60064B06491A6010000B6840
:1046BC009843FBD1012010BD6993002000E000401D
:1046CC0000F0004008C0004010B501210520FEF7A5
:1046DC00BFFA10BD10B500210520FEF7B9FA10BDC8
:1046EC0010B500220021024800F01EF910BDC04692
:1046FC004C0101208022024B5202DA647047C04602
:10470C0000301150044B1970002904D080219023E3
:10471C00024A8902D15070477809022000201150BA
:10472C000B785B0600D070474B78052BFBD18A7851
:10473C00014B1A60F7E7C04600001150F8B5CE46A1
:10474C004746C87880B58007830F1800012B61D0CD
:10475C008B780A799C464B797F211B0213435B05AE
:10476C005E0D63461940DC094B001A191F006346A5
:10477C002F4D5201AA1893700123634053700023EC
:10478C001683D370D076B146CA00012C31D0294E95
:10479C0092198E01B446AC446646B260136000298F
:1047AC0031D0254BC900C91871604B463F339B096A
:1047BC00022836D09B012148391902684901691831
:1047CC000E00CA601E49D31803608B422BD83B19CC
:1047DC005B01ED18EB7E1B499B064A40134380227C
:1047EC00120613436A6813600120C0BCB946B04678
:1047FC00F8BD154E92198E01B446AC446646B262B1
:10480C001360002908D1002364012C1963600F4B3D
:10481C00E360E9E70020E8E70A4BC900C9187162B8
:10482C00C3E7DB01C7E7FEF7B3FFF268CFE7C0468B
:10483C002C01012084001050040010503805012078
:10484C00FF0F10500000105080001050000110504D
:10485C0010B504F019FE10BD7F2010B508404000C3
:10486C00C90940181100044A400180181A0000F0D0
:10487C005BF8012010BDC0462C0101207F231800DD
:10488C0000B5084083B00B4204D14B424B41084A5F
:10489C00013393668022C9094000064B4018400141
:1048AC000021C018120105F001FA03B000BDC0468A
:1048BC00002011502C0101207F22130010B50B4059
:1048CC000A4200D110BDC9095B005B1804485B01AA
:1048DC00C018002300220349C37005F0E7F9F1E783
:1048EC002C010120FFF7FFFF80220A4B520410B568
:1048FC001A60094B09491A6010000B689843FBD1E8
:10490C008022002152010648FFF7A8FB0922054B23
:10491C005A6710BD00E0004000F0004008C00040A5
:10492C000000105000001150002310B5C382013359
:10493C00828283760161040005F086F9002804D098
:10494C0080219023074A8902D150200005F090F96C
:10495C00002802D00123237710BD200005F0CEF9EA
:10496C00FAE7C046002011507047C0467047C04659
:10497C0000207047002070477047C046024B1878E3
:10498C00C007C00F7047C046E4BD0020024B5878EA
:10499C00431E9841C0B27047E4BD0020024B18780A
:1049AC004007C00F7047C046E4BD0020F0B5D646A6
:1049BC004F464646C0B52E4B814698461B788A46D4
:1049CC00FF2B4ED100293ED0002154222948FFF75D
:1049DC0045FB0022284C294B20001A70FDF71CFCCB
:1049EC00274B1C60274C2000143CFDF723FC2000B7
:1049FC0002F064F8244B254D1C60254B002B04D091
:104A0C002800FCF73BFD234B1860002400232A7878
:104A1C00214F204E0FE0336862019B18002B12D0FF
:104A2C005B68002B0FD098472A780134E4B2911CB4
:104A3C002300A14209DBA242EDD89B1A5B01DB19D2
:104A4C005B68002BEFD100200CE042464B465146F0
:104A5C0048461370FFF7D4FD0028F4D04846FFF702
:104A6C0033FE0120E0BCBA46B146A846F0BDC046B4
:104A7C0054A50020E4BD0020DCBD002079090220F3
:104A8C0038BE00204CA500203CBE00207509022039
:104A9C006D120020ECBB002040A30020F0B5C646F0
:104AAC0000B51D4B040098461B78FF2B30D0FFF748
:104ABC0011FE2000FFF71EFE2000FFF7E9FD174D49
:104ACC00002400232A78164F164E0FE0336861013C
:104ADC005B18002B04D09B68002B01D098472A78D8
:104AEC000134E4B2911C2300A14205DBA242EDD8B3
:104AFC009B1A5B01DB19EEE70B4C20681430FDF7B9
:104B0C00A7FB0023094A236013604246FF3313704E
:104B1C00012080BCB846F0BD54A5002075090220C8
:104B2C0040A30020ECBB00203CBE002038BE00207F
:104B3C0010B5074B1B78FF2B07D0064B186801F0FC
:104B4C00D5FD01235840C0B210BD0020FCE7C04683
:104B5C0054A500203CBE0020F0B5DE4657464E461C
:104B6C004546E0B5C64B91B002931B78FF2B00D1A4
:104B7C003BE1C44BC44E1F00C44B0DAC0193C44B62
:104B8C00009335686A69EFF3108172B61368002BD5
:104B9C00FCD0BFF35F8FA9612800210001F0C4FD98
:104BAC006A69AB69BFF35F8F0021116083F31088D2
:104BBC00002800D119E16378082BE2D89B00FB5840
:104BCC009F466368002BDCD0A0689847D9E77F220A
:104BDC002179AE4D0A405300EB189846C809804421
:104BEC0040460123303005799D4305710579033327
:104BFC009D430571002A00D1FEE04346A54A1B7D6A
:104C0C001278934200D3EDE0A34A5B011568ED18CE
:104C1C00002D00D1E9E0A36862792078AD69A8473E
:104C2C00AFE79E4B1A78002A00D1DEE01A78013AE1
:104C3C001A701B78002BA4D10122944D01212B78E2
:104C4C00042013432B703423EA5C8A43EA54EA5C55
:104C5C008243EA540133EA5C8A43EA54EA5C8243B5
:104C6C00EA54237800209B4600F09AFC60222379BA
:104C7C001A40602A00D1EEE0402A00D1F4E0DB06B5
:104C8C00DB0E012B00D111E1022B00D1C6E0002B71
:104C9C0000D0E0E0202A00D11CE2002A00D0DAE0AB
:104CAC006379092B00D9D6E07D4A9B00D3589F46E7
:104CBC00764D2B78DB0700D463E7FBF74DFC60E700
:104CCC00019BDB78DB0700D45BE76068FFF74EFEE7
:104CDC0057E76E4D2B78DB0700D452E72878000796
:104CEC00C00FFBF723FC4CE72378694999468B46A8
:104CFC00684B694998468A4639001A78474600231A
:104D0C00B04600254E46894610E053461B686A01A2
:104D1C009B18002B00D175E0DB68300098473A787F
:104D2C000135EDB2911C2B008D4243DC9542ECD346
:104D3C009B1A5B015B44EFE7237857499946554B27
:104D4C008A4698463100BB464E461A780025002309
:104D5C00474689460FE053461B686A019B18002B97
:104D6C0054D0DB68300098473A780135EDB2911C8D
:104D7C002B008D4206DC9542EDD39B1A009A5B0109
:104D8C00D318EEE7019D542200212800FFF766F9A5
:104D9C001022FF214348FFF761F928002022FF2150
:104DAC0014304E465F46FFF759F900F0EFFBFFF762
:104DBC00E3FDE6E6354D542200212800FFF74EF9BD
:104DCC001022FF21281DFFF749F928002022FF217E
:104DDC00143046464F46FFF741F900F0D7FB2379D4
:104DEC00AB70CEE6901C984213DA11B0F0BCBB4607
:104DFC00B246A946A046F0BDA3686279207800F0BF
:104E0C00E3FBBEE646464F46204DE6E74E465F4680
:104E1C00CBE71F4D9B1A5B015D19FCE67023217AD1
:104E2C000B4218D1C80982460F330B405B009846E1
:104E3C001848EB1853441B7D00789946834268D27E
:104E4C0015485B01006881469944002A00D163E152
:104E5C004B46002B6AD120780021FFF70FFD8021F3
:104E6C002078FFF70BFD8CE60F4800F099FB012131
:104E7C0058460EAAFBF730FB002800D081E6EAE783
:104E8C0054A5002098A200203CBE0020E4BD0020C8
:104E9C0040A3002075090220ECBB002079090220F8
:104EAC00BCA20020E8BD0020C9020020237A228980
:104EBC000F2BD0D8FF231340CF4AEB181B79157852
:104ECC00AB423ED3A91C9942C5DB5D1BCB4B6D019C
:104EDC00ED18686900F064FB012158466B690EAA55
:104EEC009847002800D04CE66022150023791D401D
:104EFC001A42B0D163790A3B012BACD800F050FBBD
:104F0C0063790A2B00D199E158460EA900F0D8FA22
:104F1C0037E6831C4B4500DAF9E04B461B1A5B0164
:104F2C009946B6488144002A00D1F5E04B465869B1
:104F3C0000F036FB4B46012158465B690EAA984798
:104F4C009AE7AF4A5B011568ED18002DC1D182E7D5
:104F5C00A37999466B789945D6D06B78002B00D005
:104F6C0035E14B466B70002B00D12DE148460138E2
:104F7C00C0B2FBF74DFB002800D17EE143780793CC
:104F8C00022B00D079E10122C179B1468B11491174
:104F9C0013400A40302112015B0113432A78A846C2
:104FAC008A4313432B7009239A4682445646BA46C9
:104FBC00C37882781B021343C31805938E4B04935A
:104FCC008E4B08938E4B09938E4B0A93059BB342E1
:104FDC0000D855E1737801220B2B03D13378F2788A
:104FEC00F6187378042B00D044E1059B00279B1B1B
:104FFC009BB20693049B0B921D78002303931BE03A
:10500C00099A7B011568ED18002D00D132E13100B1
:10501C0058462B69069A98478446082803D9069A5D
:10502C00824200D313E1049B01371D78FFB2AB1C05
:10503C0003979F4200DD1DE1BD42E1D8039B5D1B40
:10504C00089B6D015D19E2E76B780CAA02321370B4
:10505C00584601230EA900F049FA92E5E088030AAC
:10506C00C0B20F2B00D9F6E667499A008A589746CA
:10507C000EA800F09BFA5846A179FFF731FB0222EB
:10508C002B7813432B707CE5E388012B00D0E2E6F0
:10509C0008222B78584693430EA92B7000F010FA77
:1050AC006FE5022029780CAB9A1C8B068908DB0F64
:1050BC0001400B431380584602230EA900F016FA48
:1050CC005FE5E388012B00D0C5E608222B7813435B
:1050DC002B7019E7237A22890F2B00D9BBE6FF230B
:1050EC001340EB181D79444B1B789D4228D2444B3E
:1050FC006D011B685D19002D00D1ACE6686900F0EC
:10510C004FFA012158466B690EAA9847B4E6002A5B
:10511C0000D0A0E600239946627902201300039286
:10512C008343012B15D0002A00D094E62B00434476
:10513C00534430331B790CAA9B07DB0F0232B9E7BF
:10514C009A1CAA4200DA86E6ED1A2C4B6D01ED187A
:10515C00D4E7E388002B12D1029B1878039B012B18
:10516C0023D0FFF78BFB43460221EB18534430331B
:10517C001A790A4301211A711A790A431A714B469A
:10518C00002B00D1FDE4586900F00AFA4B460121CE
:10519C005B690EAA58469847002000F001FA3523A7
:1051AC00EB5CDB0700D5ECE4AEE6FFF785FB434692
:1051BC000221EB18534430331A798A431A711A7945
:1051CC0003998A431A71DAE7FFF7D6FB9CE60021B4
:1051DC005846FFF797FA5846FFF73AFBAB78074962
:1051EC000393054B049198461A7800230449AA4668
:1051FC0005911D001BE0C0467509022040A300204C
:10520C00ECBB0020F8BD0020E4A20020059B6A0145
:10521C001B689B18002B4CD0DB68584698474346BC
:10522C001A780135EDB2911C2B008D422DDC954284
:10523C00ECD39B1A049A5B01D318EDE70CAB9A1CC8
:10524C00584601230EA9157000F050F999E40B9AF9
:10525C00012A4ED0002A3CD00023B07804E0013360
:10526C00DBB20F71934234D2C118C9B241440D79EB
:10527C00FF2DF4D04E464546574600236B70EAE5A9
:10528C004E465746FBF77EF93EE655465422002122
:10529C002800FEF7E3FE1022FF21281DFEF7DEFE9C
:1052AC0028002022FF211430FEF7D8FE039BAB70A0
:1052BC0057E65546FAE7FBF7F5F9021E00D1CAE5A9
:1052CC00D37891781B020B4358460EA900F00EF9C7
:1052DC00D2E565463B002A0031000A9801F096F8A9
:1052EC00049B039A1B7876190233934200DB6DE61C
:1052FC00C0E7174B29699942AED1079AACE7FFF783
:10530C0037FB021E00D1A6E5584613780EA900F013
:10531C00EDF8B1E52189FBF783F9021EF4D19AE58A
:10532C00022B0FD0FFF726FB021EC9D193E5FBF72A
:10533C0067F9021E00D18EE5122358460EA900F023
:10534C00D5F899E5FBF764F9021EB9D183E5C0469F
:10535C0061580020F0B54F464646D646C0B50C0005
:10536C0016001F0082B0002A3AD0702398461D4BBD
:10537C00002599461C4B9A461AE04B461B78200098
:10538C0001935346997801F007F800281CD02100AE
:10539C000198FFF7D3F9002816D0A378DA09012A6F
:1053AC0019D00A9A01351370B54219DA2378E4182A
:1053BC006378052B08D1E3789B079B0FBB4203D185
:1053CC004246A3781A42D8D0002002B0E0BCBA46BC
:1053DC00B146A846F0BD0B9A01351370B542E5DB1A
:1053EC000120F2E754A50020E4BD0020702270B526
:1053FC008B780C001A4201D0002070BD064B2000A7
:10540C001D78064B997800F0C7FF0028F4D02100D6
:10541C002800FFF793F9F0E754A50020E4BD002025
:10542C007F20074B10B51A680840CB093433400075
:10543C00C018044B1100C01800F06AFF10BDC04624
:10544C0038BE0020E4BD00207F20074B10B51A6841
:10545C000840CB0934334000C018044B1100C0186D
:10546C0000F07EFF10BDC04638BE0020E4BD002019
:10547C0070B57F24C80984460C400F486400041999
:10548C00644430342079C00701D5002070BD0B482E
:10549C000125007884462079284320716046FFF767
:1054AC00DBF90028F2D1012223799343237123796C
:1054BC00033293432371E8E7E4BD002054A5002098
:1054CC0070B5094C0600082220000D00FEF7CCFD3B
:1054DC0000238021E360A3602B78300099430022E5
:1054EC000023FFF7C5FF70BDB4BC0020F0B5C64665
:1054FC00244C170080460822200000B50D001E0029
:10550C00FEF7B2FD0023A760E381EB79AA791B02B9
:10551C0013431A1CB34200D9321C96B2A281002B41
:10552C000CD0002E15D0002F2AD0402E1AD823785C
:10553C0096B27F2B1BD80021134A0EE080212B78CA
:10554C000022994340460023FFF792FF80BCB846E7
:10555C00F0BD7F2300222178994333004046FFF7AA
:10556C0087FFF3E74022237896B27F2BE3D9064CD2
:10557C00320039002000FEF777FD80212200ECE795
:10558C000020E3E7B4BC002074BC002010B514224A
:10559C0000210248FEF762FD10BDC046B4BC0020DD
:1055AC00014B18617047C046B4BC002010B5054CC7
:1055BC00010008222000FEF757FD0023A360E360E2
:1055CC0010BDC046B4BC002070B5374C1D0023780C
:1055DC000600DA09C9098A4210D00020002D00D03B
:1055EC0070BD21003000FFF79BF82369002B03D01E
:1055FC0022000321300098470120F1E77F2B06D8C9
:10560C00A0680028ECD02A002849FEF72DFDE2897D
:10561C00A1685219E38892B24919E281A1609342C0
:10562C0014D03F2D12D9A389981A051C80B240289A
:10563C0028D82078ADB27F2826D800219A4230D0C5
:10564C001A4A2B003000FFF713FFC9E72369002B20
:10565C0005D02200022130009847002808D0802174
:10566C0023780022994330000023FFF701FFB7E7AE
:10567C0000213000FFF702F930008021FFF7FEF81F
:10568C000120ADE74025D4E79A4207D0074C2A0009
:10569C002000FEF7E9FC80212200D2E780210022C5
:1056AC00CFE70022CDE7C046B4BC002074BC00207C
:1056BC0070B50400FFF76AF9002800D170BDFFF740
:1056CC006DF90028FAD163011B191B01124A1B1931
:1056DC00DB00D518E9780029F0D010339E18300083
:1056EC0001F00CF83F28E9D90020E978FFF798FE83
:1056FC000028E3D0300001F001F8E9783F2807D901
:10570C00064BE201D21800204023FFF7B1FED5E78B
:10571C000020FFF799FED1E7B0A50020F0BB0020D8
:10572C0010B50400FFF732F9002801D1002010BD9C
:10573C00FFF734F90028F9D1600100190001044B7E
:10574C000019C0001B1801201B791840EFE7C04658
:10575C00B0A50020430110B51B181B011818034BF2
:10576C00C000C01800F0ACFF10BDC046C0A50020A2
:10577C00F0B545012B181B011B18214EDB00103313
:10578C00C646F7188023040000B55B029A4200D38A
:10579C001C4A380092B201F015F88046FFF7F6F873
:1057AC00002803D1404680BCB846F0BDFFF7F6F8A0
:1057BC000028F7D12D192D012D19ED007519EB7855
:1057CC00002BEFD0380000F099FF3F28EAD90020D9
:1057DC00E978FFF725FE0028E4D0380000F08EFFB2
:1057EC00E9783F2807D9084BE201D2180020402362
:1057FC00FFF73EFED6E70020FFF726FED2E7C046B5
:10580C00B0A50020FFFF0000F0BB0020F8B544015C
:10581C00241824012418E4002300184E103305002A
:10582C0098199F1901F04AF9FFF7B0F8002800D138
:10583C00F8BDFFF7B3F80028FAD13619F378002B2E
:10584C00F6D0380000F05AFF3F28F1D90020F1784B
:10585C00FFF7E6FD0028EBD0380000F04FFFF178A1
:10586C003F2807D9064BEA01D21800204023FFF746
:10587C00FFFDDDE70020FFF7E7FDD9E7B0A500202D
:10588C00F0BB0020F8B50400FFF780F8002801D128
:10589C000020F8BDFFF782F80028F9D163011B192D
:1058AC001B011B19DD002B00134E2433F718380095
:1058BC0000F006FF0028EBD075190020A978FFF73F
:1058CC00AFFD0028E4D00D4AE3019C1821004022D2
:1058DC00380000F077FFA9780300051E07D02200DE
:1058EC000020FFF7C5FD0028D2D02800D1E700200A
:1058FC00FFF7AAFDCCE7C046B0A5002030BC0020C5
:10590C0070B54401241824010C4B2418E400E4184D
:10591C00802305005B029A4200D3094A200092B210
:10592C0001F018F80600200000F0CAFE3F2801D84C
:10593C00300070BD2800FFF7A5FFF9E7D4A50020C3
:10594C00FFFF0000430110B51B181B011818034B77
:10595C00C000C01800F0D2FE10BDC046D4A5002077
:10596C00430110B51B181B011818034BC000C018BD
:10597C0001F0A4F810BDC046D4A50020F0B5002558
:10598C00194C83B000212000184AFEF767FB184B16
:10599C0021001D70FF236371E1235B02A3602000D3
:1059AC0008234022A37338310095073B103000F0D8
:1059BC0051FE0123210020008022783152010093F6
:1059CC00243000F047FE0B4BE7183800FCF724FCA2
:1059DC0084235B01E6183000FCF71EFCE5612762AE
:1059EC002663656303B0F0BDB0A5002088100000ED
:1059FC0070BC0020781000000A4B196B1A6A002941
:105A0C000CD0002A07D00022DA615A631A630022F4
:105A1C001A62012070475A631A63FAE7002AF8D019
:105A2C00D961F4E7B0A5002070B5052200210D481E
:105A3C00FEF714FB0C4D2B78DA0707D50B4C9B07A4
:105A4C000CD50121200001F059F870BD054810302B
:105A5C0001F034F82B78054C9B07F2D4200001F0B0
:105A6C002DF8EEE7B0A5002070BC0020D4A50020D6
:105A7C00F0B54B79070083B0022B02D18B79022B46
:105A8C0003D00024200003B0F0BD214B1E009B78F6
:105A9C00002BF6D18B78092433700D784D196B7867
:105AAC00242B07D00CE02B78ED181C196B78A4B2C2
:105ABC00242B05D1A242F6D20020FFF7F9FDE1E735
:105ACC001A00052B15D0042AF6D16B790A2BF3D1C9
:105ADC00104B2E7801930133009338000223A9193F
:105AEC00023AFFF737FC0028CBD00E34A419A4B22D
:105AFC00E2E729003800FFF779FC0028C1D0AB7829
:105B0C0073702B781C19ED186A78A4B2DBE7C046C9
:105B1C00B0A50020B2A5002060238C46110012789D
:105B2C0070B513400022202B08D1324C4B79260043
:105B3C000D7924781B022B439C4201D0100070BDC0
:105B4C004B78222B1CD008D8202B39D0212BF5D107
:105B5C006346012B43D00122F0E7232BEED16346A1
:105B6C00012B42D0032BF6D1234B002BF3D08B7897
:105B7C00C978002009021943FBF7DAF80122DDE7A6
:105B8C006346012B31D0032BE5D10125CB788A78E4
:105B9C001B0213431C001D40330001212433180049
:105BAC006940347100F0AAFF144B002BD3D00123B1
:105BBC0062081A4029000020FBF79CF80122BDE77F
:105BCC006346012B0BD0032BC5D10D4B002BC2D040
:105BDC00310000200831FBF711F80122AEE7094A29
:105BEC000723FFF783FC0122A8E7FFF769FC0122DA
:105BFC00A4E7C046B0A50020210B0020E50A002038
:105C0C00ED090020B8A50020F8B54746CE4680B572
:105C1C00344C1F00E37880460D008B423BD0A378B8
:105C2C0000208B4211D0C0BCB946B046F8BD2E4BFB
:105C3C00002B04D02D4800F059FD00284FD0002037
:105C4C00FFF736FDA378AB420AD1294B002B02D0CB
:105C5C00002000E000BF0020FFF714FE002801D058
:105C6C000120E0E7234C200000F02AFD0028F7D1AA
:105C7C00002FF5D0BB06F3D1243C4046A178FFF7AA
:105C8C00CFFB0028ECD0002300224046A178FFF780
:105C9C00EFFB0120C7E7184E14483100BAB200F0F0
:105CAC0059FE164B002BC2D06379FF2BBFD0002FAF
:105CBC00BDD0BC46B444E14603E001364E45B6D0F7
:105CCC00637932789A42F8D1084800F00FFD002829
:105CDC00F3D1064B103B597900E000BFEDE700E033
:105CEC0000BFACE7B0A5002000000000C0A500205C
:105CFC0000000000D4A50020F0BB00200000000034
:105D0C007047C046012070477047C0467047C04678
:105D1C00F8B50D0016001C00002801D00020F8BDBD
:105D2C00134B59781F00FFF77BFB0028F6D02A1E77
:105D3C000FD1402CF2D80F4B2200310018001D005F
:105D4C00FEF792F923002A0079780020FFF790FBE8
:105D5C00E5E74023084DEA543F2CDFD82800220009
:105D6C00310041300134FEF77FF9A4B24035E9E748
:105D7C00C8BD002048BD002008BD002010B50C2275
:105D8C0000210248FEF76AF910BDC046C8BD0020CC
:105D9C000120704710B50C2200210248FEF75EF975
:105DAC0010BDC046C8BD0020F0B54B7906000D00F3
:105DBC0083B0032B0BD10879C400241A1234A4B27B
:105DCC00944204D8194B1F005B78002B03D000249D
:105DDC00200003B0F0BD097869184B78212BF6D15F
:105DEC00B9600B780200C9187B1C0193BB1C009393
:105DFC0030000323FFF7AEFA0028E8D0AB79012B73
:105E0C0001D1EB79FB700123BB71AB78B9783B7096
:105E1C00BB68DA791B7A1B021343BB800029D7D0ED
:105E2C0040233000024AFFF723FBD1E7C8BD002016
:105E3C0088BD00201F23F0B514001278060083B033
:105E4C001340012B01D000200DE05E4B20791D008A
:105E5C001B789842F7D1602318001040134204D1EC
:105E6C0001290BD0012003B0F0BD2028EBD16378C1
:105E7C000B2BE8D8544A9B00D3589F466378062BCB
:105E8C00E1D1E378212B00D180E0222BDBD1002063
:105E9C00FAF7BAFB21000200AB883000FFF726FBB3
:105EAC00E0E7012910D00329DCD1A1780020A971E9
:105EBC00FFF726FFD6E70129D4D1E1780020E9715C
:105ECC00FFF720FF0028BED021003000FFF7F8FAC2
:105EDC00C8E7012964D00329C4D1E079E278A37919
:105EEC00000212021843A178120A041C402800D99F
:105EFC004024364BA4B2002907D0012805D91878C4
:105F0C00884202D1013C324BA4B200200094FAF733
:105F1C00CDFAA7E70129A5D10123210030002D4A94
:105F2C00FFF7E4FA9EE701299CD101232100300000
:105F3C00294AFFF7DBFA95E7012900D092E7E379CC
:105F4C00A079E2781B0212020343A178120A181CF2
:105F5C00402B00D9402080B200292ED0012B2CD907
:105F6C0001251A4B01381F00197080B201330090C3
:105F7C000020FAF799FA2B189BB2002B00D162E79C
:105F8C003A0021003000FFF7B1FA6BE7AA68002A4B
:105F9C0000D158E7210030001378FFF7A7FA62E729
:105FAC00E379A2791B021343402B00D94BE7210064
:105FBC003000064AFFF79AFA54E7044B00251F00FD
:105FCC00D5E7C046C8BD0020A0A3002008BD002016
:105FDC0009BD0020CEBD0020CFBD002070B51E4CE9
:105FEC000500A078944682B06278884204D08A4238
:105FFC0018D0002002B070BD824213D062469BB212
:10600C00002A1AD1154A009316001300002102220F
:10601C000020FAF74BFA402332002800A178FFF752
:10602C0027FAE7E762469BB2002A0DD100201A003E
:10603C000B49FFF769FE0120DCE7084A022100202A
:10604C001600FFF763FEE6E700200121044AFFF784
:10605C005DFE0120CEE7C046C8BD002088BD0020F3
:10606C0048BD0020F0B580264027124C85B0002199
:10607C002000114AFDF7F2FF104B114DE018114BA7
:10608C00B601E31802950093002200230021039728
:10609C00019600F0D5F94035201D2834002301224B
:1060AC000021039702950196009400F0C9F905B000
:1060BC00F0BDC04688BF00204C40000028200000E6
:1060CC0008BF00204C20000010B5054C200000F04B
:1060DC00EBF9044BE01800F0E7F9012010BDC046C5
:1060EC00B0DF0020DCDFFFFF70B50025064C074B4E
:1060FC002570E01800F0E2FC20000C3000F0DEFC13
:10610C00034B6571E55470BD88BF00203020000042
:10611C0029200000F8B5CE46474680B54B7980461D
:10612C008946FF2B05D1374F374B7E79FB5C1E43DD
:10613C0004D00020C0BCB946B046F8BD8B780C78B2
:10614C003B700B790C19002B3AD0A51803E0AC422C
:10615C0036D22378E4186378052BF8D1AC422FD2D1
:10616C0021004046FFF742F90028E2D0A378DB0972
:10617C00012B29D0254800F0A1FCA278224B02204B
:10618C00FA54637922791B0213435B05204A5B0D99
:10619C009B185A4253411F495B007A5C824313435C
:1061AC007B541A494046083900F0E8F90028C0D061
:1061BC0023780136E4184B461B79F6B2B342CAD8A1
:1061CC004B46E01A80B2B5E7134800F077FC124A50
:1061DC00A3780C3A5371637921791B020B435B054D
:1061EC000B495B0D5B1859424B41022011795B0046
:1061FC0081430B43084900200839137100F088F9DA
:10620C00D6E7C04688BF002029200000B8DF002058
:10621C0000FEFFFF2820000094BF002070B5040092
:10622C001D001E481E4BC35C8B4216D04079884221
:10623C0001D0002070BD1B4B002B04D02904002082
:10624C00090C00E000BF184B200019001E0000F0E4
:10625C005FF900281BD00120ECE7144BC35A002B2C
:10626C000DD1134B002B04D000201249AAB200E030
:10627C0000BF2000104900F081F90120DAE70F4B34
:10628C00AAB2C1580E4BC01800F064FBE9E72A0013
:10629C003100200000F00AF90120CBE788BF002074
:1062AC0029200000000000008CBF002034200000DA
:1062BC000000000008BF0020B0DF00202C200000F0
:1062CC003020000000B5030083B0002910D000205E
:1062DC00012B07D80A78002A04D00C48C25401209C
:1062EC00012A01D003B000BD1800FEF75FFBF9E7EF
:1062FC0001236A46002001A99380FEF757FB002872
:10630C00F0D00122014B1A70ECE7C046D8BD00203A
:10631C0070B5040023780800DB070E00DD0F002B9E
:10632C0016D123785B0701D5280070BD01214942A5
:10633C0002F074FF2378DB07DD0F002B0AD12378E2
:10634C005B0708D40422237801251343237002E051
:10635C000025E9E70025300002F09AFFE4E7C0468B
:10636C0070B50D00012104004942280002F056FFCF
:10637C0023785B07DE0F002B04DB280002F088FF7C
:10638C00300070BD2378DB0704D4042223789343B8
:10639C002370F2E70026F0E7437902791B021343DE
:1063AC00C2785B0592075B0D920F022A1AD0032A62
:1063BC000BD00020012A07D102394A425141104A20
:1063CC00891899424041C0B2704702394A1E914126
:1063DC000C4A4942114080220020D200891899426F
:1063EC004041F1E7022904D0002040229A4240416A
:1063FC00EAE7054A981843425841C0B2E4E7C04660
:10640C00FF03000040FCFFFF00FEFFFF84468818DE
:10641C0030B51C00814206D24A78052A04D00A788D
:10642C0089188842F8D830BD7F228B781A405200E8
:10643C006244DB09D4540A7889188842ECD8F2E714
:10644C00F0B5C64600B582B0904608AA20CA040032
:10645C0016886A460120978D0A00217802408143F4
:10646C0020001143217032000093290001230830D1
:10647C0000F0F0F8002D01D0002E07D101200A9B6E
:10648C006780636002B080BCB846F0BD25001C3547
:10649C002800FBF7C1FE42460023002A01D02B0046
:1064AC0000256361A561E9E701207047F8B5022476
:1064BC000B7807001C4063425C410800124B64429D
:1064CC001C40124B08300D001600E41800F0F8F8D0
:1064DC00002807D1002E05D0344203D101242B789B
:1064EC001C4201D00020F8BD38006978FEF798FFF7
:1064FC000028F7D02B781C42F4D10023002238005E
:10650C006978FEF7B5FFEEE740FEFFFFFF010000E4
:10651C0008239C468C4470B5050060460C0066460A
:10652C0000F0CEF8002803D0012223781A4201D0C3
:10653C00002070BD28006178FEF772FF0028F7D0AC
:10654C0062883000616800F03DF901222378134025
:10655C0000280CD0002BEBD103006268617804009A
:10656C002800FEF785FF0028E2D02000E1E7002B91
:10657C00DED128006178FEF767FFD9E7F0B5C64693
:10658C0000B58A8906000C000B78002A06D101326E
:10659C001A4240D0002080BCB846F0BD9B0734D4D2
:1065AC002B4B4025984608239C46A44460466746DE
:1065BC0000F0A4F88542EDD8012223781A42E9D1E3
:1065CC0030006178FEF72CFF0028E3D0380000F093
:1065DC0095F8012223781340854232D8002BD9D16B
:1065EC00414662880140131C8A4200D90B1C9BB2A5
:1065FC0000226178002B00D0626830001C00FEF78E
:10660C0037FF0028C6D02000C5E7FE2380251B02DB
:10661C009846AD00C7E74978FEF702FF0028B9D0CD
:10662C00012223781A42B5D1638800226178002BAD
:10663C0000D062683000FEF71BFF0028AAD06088EB
:10664C00A9E7002BA6D130006178FEF7FDFEA1E78B
:10665C00C0FF0000F0B5C64600B598466B461E7EDE
:10666C00802304000F0015001B029A4226D8C06834
:10667C00002803D00121494202F0D0FD20690028F6
:10668C0003D00121494202F0C9FD42465204F303F2
:10669C00520C1343E3800023E06863812760A580DC
:1066AC002381002801D002F0F3FD2069002801D0DD
:1066BC0002F0EEFD012080BCB846F0BD0020FAE7E8
:1066CC00038941899C4682889BB288B28C4507D34A
:1066DC001B1A9BB2101C9A4200D9181C80B270472E
:1066EC005100091A5B189BB2F4E7C0460389408934
:1066FC00181A43425841C0B27047C04603894189B9
:10670C009C4682889BB288B28C4507D31B1A9BB2DD
:10671C0000209A4201D9D21A90B270475100091A3E
:10672C005B189BB2F4E7C04670B5040000690D001D
:10673C00002803D00121494202F070FD23896289AF
:10674C009C4698B291B2A388944532D3421A92B225
:10675C00002A27D0934208D298422FD3C01A81B274
:10676C0061818B4203D8C91A89B28B42FBD9E2886A
:10677C0023685204520C514328005918FDF774FC3D
:10678C00618901254A1C92B2A38891420DD900223D
:10679C005B00D21A20696281002801D002F078FDDA
:1067AC00280070BD0025628992B25B009A42F1DB31
:1067BC00EFE75A00521A821892B2C9E7C01881B298
:1067CC006181CEE7F0B54646D6464F46C0B50600C9
:1067DC0000698A46904682B0002803D001214942C4
:1067EC0002F01CFD31897289B5888BB294B291424A
:1067FC0055D31F1BBFB2002F4BD0BD4205D2AB42AD
:10680C0052D25B199CB22F0074814346B8453ED8D6
:10681C009FB2A54203D8641BA4B2A542FBD9F2884F
:10682C0031685204500C020062432B1B9BB2891836
:10683C00019002009F4225D943439BB21A00504657
:10684C009946FDF711FC5046019A7D1B641954437F
:10685C0031684844A2B2FDF707FC7189B588CB19A1
:10686C009BB26A00994216D99B1A30697381002831
:10687C0001D002F00DFD380002B0E0BCBA46B146C2
:10688C00A846F0BD50467A43FDF7EEFBE5E73B1C0E
:10689C00BEE773899BB26A009342E6DBE4E76F00C4
:1068AC003F1BDF19BFB2A6E75B1B9CB2ABE7C04630
:1068BC00F8B50400C0680F00002803D0012149423C
:1068CC0002F0ACFC258920896189A288ADB283B223
:1068DC008EB2884228D39B1B9BB29A4209D8E67988
:1068EC00F60906D1E068002801D002F0D1FC300096
:1068FC00F8BD2B0095421CD39B1A9BB29342FBD242
:10690C00E28820685204520C53433900C018FDF73A
:10691C00ABFB6B1C9BB2A2889D4216D90023520084
:10692C009B1A01262381DDE75100891B5B189BB262
:10693C00D3E7E28820685204520C53433900C01844
:10694C00FDF792FB0135A288ABB252009342E8DB13
:10695C00E6E7C046F0B54E464546DE465746E0B53E
:10696C0089460500160083B0002A6BD0C068002849
:10697C0003D00121494202F051FC2F89EA79BBB2C4
:10698C0098466B89AF889BB2D2093DD1984562D2AB
:10699C007A00D31A43449BB2BB4261D2FB1A1A1C35
:1069AC009BB2B34200D9321C96B2F31B01934346FF
:1069BC00F3189BB29B46EA884446B84503D3E41BC4
:1069CC00A4B2BC42FBD252043B1B570C3A006243AC
:1069DC0028689BB28018B34256D33A00494672439A
:1069EC00FDF742FBAB885B00D84501D89B4502DB29
:1069FC005A46D31A9B465B4637002B81E868002821
:106A0C0021D002F045FC1EE0BE422BD298454CD35F
:106A1C004246D21A92B27900F01B921901908A4226
:106A2C00C5DBDA1992B29346921B92B2904693420E
:106A3C0040D94346591A8BB29846F3189BB29B46E1
:106A4C00EA88B9E70027380003B0F0BCBB46B24671
:106A5C00A946A046F0BD4246D31A9BB2BB429DD379
:106A6C000027CBE7002FC9D0CC46EA88F61B51048F
:106A7C00490C714398468C44D919002389B2E146DC
:106A8C008B463E00019397E77B439BB21A00494625
:106A9C009A46FDF7E9FA4946019B2868E2187A43C1
:106AAC00514492B2FDF7E0FA9CE77900CA1A4244CD
:106ABC0092B2B1E79142BCDDC2E7C04610B504000A
:106ACC00C068002803D00121494202F0A7FB2069CD
:106ADC00002803D00121494202F0A0FB0023E0680A
:106AEC0063812381002801D002F0D2FB20690028A9
:106AFC0001D002F0CDFB012010BDC04670B50400E2
:106B0C00C0680D00002803D00121494202F086FB29
:106B1C002069002803D00121494202F07FFB7F212C
:106B2C00E279EB011140E0681943E171002801D0D2
:106B3C0002F0AEFB2069002801D002F0A9FB012075
:106B4C0070BDC04680210A4A4902136D0B42FCD02D
:106B5C00092353670422074B00201A60064B0021BF
:106B6C001A68064BDA67064B1A68064B1A647047AC
:106B7C0000001150803011502801012000400140CC
:106B8C005405012000C0014070B5102084B0FCF702
:106B9C00EBFA082860D0324B324DDB6F324C2B6055
:106BAC00324B01221B6C01210F202360FCF7E6FA0B
:106BBC0002210F20FCF706FB2D4B03211A6808233A
:106BCC005A40173313402B4A0F201360FCF7E8FA96
:106BDC0002220421284BDA677E329950274B743AF3
:106BEC005A671B6D1B079B0F012B32D1FBF736FD30
:106BFC000600FBF7C7FEFA220023920012184B4145
:106C0C00002B02DA01221E4B52420121029100217B
:106C1C0001911C4930000091FBF724FD002801DB99
:106C2C0004B070BDFA2000218000FBF7B5FE802176
:106C3C00124A4902136D0B42FCD0092353670422FC
:106C4C00114B1A602A68064BDA672268074B1A64E4
:106C5C00E6E7FCF79DFDC9E7FCF79AFD9BE7C0460C
:106C6C0000400140280101205405012000C00140D2
:106C7C007C4001407C50014000201150000011501C
:106C8C00FFFFFF7F3569002080301150074B10B596
:106C9C001B6D1B079B0F03D1FA200021800010BD38
:106CAC00FFF772FF00200021F9E7C04600001150E9
:106CBC0010B584B0FBF7A6FE012801D004B010BDBE
:106CCC00FBF7CCFC0400FBF75DFEFA2200239200DC
:106CDC0012184B41002B02DA01220B4B52420121BC
:106CEC00029100210191094920000091FBF7BAFCA7
:106CFC000028E3DA032206490B6D9B081A42FBD0ED
:106D0C00FFF742FFDAE7C046FFFFFF7F7D6A0020F6
:106D1C000000115010B51920FCF766FAD023802220
:106D2C00E1211B0692045A620448054B00221860AC
:106D3C0049020123FDF718FC10BDC046004003407A
:106D4C0074080120F0B5DE4657464E464546E0B580
:106D5C000C0083B080468B460525FBF777FE01229D
:106D6C0027792600BA4065572024324B32494344D8
:106D7C001B0D9B009A468146CB58013AE41B002D13
:106D8C003EDBAC422FDB1000A84003422BD1B07984
:106D9C0000284BD12C003068AA40160000921A40F3
:106DAC001E4240D18026B601B446002F16D0A34611
:106DBC0001911C0041463B002E00070010004200D0
:106DCC00BD5A654500D2AD1932181232920001300D
:106DDC0055509842F3D323005C460199009A134313
:106DEC0052468B5001E0012464424846FBF73AFEC0
:106DFC00200003B0F0BCBB46B246A946A046F0BD8D
:106E0C00202F10DC464601E0013C0CD31000A040C2
:106E1C0025000342F8D158468079B046002805D1A8
:106E2C0058460068B8E709246442DEE7142464423B
:106E3C00DBE7C0460000E0AF00BF002070B50124C6
:106E4C000B7905009C40013C9440FBF7FFFD054A83
:106E5C000549AB181B0D9B005A58A2435A50FBF71F
:106E6C0001FE70BD0000E0AF00BF0020F0B54E4643
:106E7C00DE4657464546E0B583B00C0089460CA962
:106E8C00844608781F2A42D861000191091964468A
:106E9C00C90064182500DC352E68B2462600CC36B5
:106EAC003668B3461B4EA1198026B6020E60411EF1
:106EBC00884141421F20084017494018052B0CD926
:106ECC00A0271F267F05D834510139430532053BD5
:106EDC00296032402060052BF6D852019B061343E3
:106EEC00019A4A44D20062441100DC310B60130059
:106EFC00D833186053460B605B460020CC321360CD
:106F0C0003B0F0BCBB46B246A946A046F0BD052076
:106F1C004042F5E7CC30000080E0000094460122AE
:106F2C008A4070B5C6461C00036800B593430360E5
:106F3C00002C30D04A005318DB00C3181D00266803
:106F4C00C8352E60A66804356E606668E468DC336C
:106F5C002E601C605318DB00184CC21812198024C8
:106F6C00240614601460164A0C1D8A4082600122AB
:106F7C001500A540802408318A40A401041925601D
:106F8C00614622601F22C0180A40D83002600020DF
:106F9C0040BCB04670BD4A005318DB00C3181D003E
:106FAC008026C83576022E60C0263603AE60F826E1
:106FBC0004357602DC332E601C60CBE7D010000069
:106FCC0001010101000000000000000000000000B1
:106FDC000B4A13681868203080F30988022080F36C
:106FEC001488BFF36F8F3FBCAE4608BC04BC62B6BE
:106FFC001847C046C046C046C046C046C046C046FC
:10700C0078050120000000000000000000000000D6
:10701C00EFF30980164B1A6820381060F0C0444614
:10702C004D4656465F46F0C00D221207146E556E43
:10703C00566F176F3038F0C008B572B601F040FBD0
:10704C0062B60CBC116808681030F0C8A046A9469E
:10705C00B246BB4680F309880D2212073038F0C8BF
:10706C001466556656671767F0C81847C046C04681
:10707C007805012010B5FBF7E3FCC046D02300B522
:10708C001B061A6D83B0D20704D501219A6D1A6DB7
:10709C001142FBD1D023FF221B061A650023114A93
:1070AC0001931168EFF3108C72B60B68002BFCD0B7
:1070BC00BFF35F8F00230C48126801680360BFF3B5
:1070CC005F8F13608CF31088084B01AA186800F0CE
:1070DC00C9FA019B002B03D08022054B52051A6084
:1070EC0003B000BD74050120980802200809022095
:1070FC0004ED00E07047C04610B58024031F640403
:10710C001C60043B19600349043B1960143B403874
:10711C001A6010BD656E00208022044B52051A6067
:10712C00BFF34F8FBFF36F8F7047C04604ED00E085
:10713C0072B6044A136801331360BFF34F8FBFF369
:10714C006F8F704794080220034A1368013B136049
:10715C00002B00D162B6704794080220EFF3108028
:10716C0072B6704780F310887047C04610B5FFF7B1
:10717C00F5FF040001F0B2F8002803D08022034B85
:10718C0052051A602000FFF7EDFF10BD04ED00E082
:10719C00002310B5074A084C052023601360FCF748
:1071AC0049FA0649FCF74EFC054B013818600723D9
:1071BC00236010BD18E000E010E000E0204E00005D
:1071CC0014E000E0FF221F4B1204196810B50A43AB
:1071DC001A60FF22196812060A431A601A490E2017
:1071EC0001F01CFF19490F2001F018FF18490B2062
:1071FC0001F014FFFFF7CCFF0022164B1A60D023CE
:10720C001B06154A1C681470FF221A651A6DD207EA
:10721C0004D501219A6D1A6D1142FBD10F34FF2157
:10722C002000FBF71BFF20000C49FBF723FD01217D
:10723C002000FBF70DFDFFF7CBFE01F041FAFBF749
:10724C00FFFBC04620ED00E0016E00205D6F0020CA
:10725C00E56E00209408022055A500206D6E0020DC
:10726C00D02310B51B061868074B1B78834200D03F
:10727C0010BDEFF30583002B02D05B00C018F7E7BD
:10728C0001F064FCF4E7C04655A5002010B5C646D5
:10729C0000B52C4A03688C469B1883B09A105C2B63
:1072AC0000D9183A01239340274A1178D0221206AC
:1072BC001268914221D040BF244C026821688A4256
:1072CC0037D00A68002AFCD0BFF35F8F20490A68C8
:1072DC001A430A602368BFF35F8F00221A600268AA
:1072EC00D021002309064B65BFF35F8F13608CF32D
:1072FC00108803B010BCA04610BD40BF0268BFF39D
:10730C005F8F002111608CF31088EFF30582114818
:10731C00D2B20068002A11D0019101AA190000F024
:10732C00A1F9019B002BE4D080220B4B52051A6073
:10733C00DFE70748016819430160D1E7190000F045
:10734C0047F9D6E700FFFF2F55A500207405012053
:10735C00980802200809022004ED00E0F0B5C646AA
:10736C0000B51D00334B14001A78D0231B061B6884
:10737C0006000F0082B09A420ED00368BFF35F8FF5
:10738C0000221A6081F3108820002900FBF768FAAC
:10739C0002B080BCB846F0BDFBF7F4FA22002B001B
:1073AC00121A8B411000190032225242D317801846
:1073BC0059413368984600291DDC1AD0BFF35F8F02
:1073CC0000234246136087F310881B4B5A6A954280
:1073DC0005D89B6A0120A342DAD29542D8D18022EB
:1073EC00164B52051A60BFF34F8FBFF36F8F0020FF
:1073FC00CEE73128E2D932220023FCF749FB0028E2
:10740C00DCD0BFF35F8F00234246136087F31088F4
:10741C000B4B0C4A1F6833689B189A105C2B00D9D5
:10742C00183A01210090914000230122380000F00D
:10743C0073F8CAE755A500200040054004ED00E0B4
:10744C000809022000FFFF2F10B5FBF7A1FB054A2E
:10745C00054B80188000186000F052F8034B186040
:10746C0010BDC046400000347405012008090220FC
:10747C00F0B5D6464F464646C0B506000F0005008F
:10748C0000F018FF3368346919000C3539438C4609
:10749C003160A5422BD000239A468023DB04994609
:1074AC0013E04746002F0DD080277F043A4202D0CC
:1074BC0052461A43924680239B04194301F0AEFABC
:1074CC0033689C466146A5420FD020000F0002682D
:1074DC00646813021B0A1F40B8464F463A42E0D07C
:1074EC004345E1D06146A542EFD153469943316003
:1074FC0000F0D8FFE0BCBA46B146A846F0BDC04685
:10750C0010B51C2001F0AEFD041E03D0002308C0F2
:10751C0000F0B4F8200010BDF0B5C6460D00060012
:10752C0000B51F00904600F0C5FE2B0034682340C8
:10753C00002F0DD1002B28D04346002B28D0230040
:10754C00AB43336000F0AEFF200080BCB846F0BD0A
:10755C009D42F1D0069B002B1AD0434680215A1E27
:10756C009341C9041B061943069A2943301D01F0A7
:10757C0007F900F097FF002824D001F01FFB04004E
:10758C0083010DD52402240ADEE7069B002B02D1D1
:10759C0000F088FFD8E741464B1E99410906E3E706
:1075AC00FFF7C6FD346823002B40002F0DD1002BB4
:1075BC0005D04346002B02D02300AB433360FFF7CA
:1075CC00C3FDDFE7FFF7A8FDD7E79D42F7D1F0E752
:1075DC00F0B5D6464F4646468146C0B50C0006006F
:1075EC0000F068FE4B4619681D690C430C362100EF
:1075FC001C60AE422BD000239A468023DB049846B5
:10760C0013E06746002F0DD0802149040A4202D0B6
:10761C0052461A43924680218904214301F0FEF917
:10762C004B4619680C00AE420FD0280027000268A8
:10763C006D6813021B0A1F40BC4647463A42E0D015
:10764C006345E1D00C00AE42EFD153469C434B4610
:10765C001C6000F027FF2000E0BCBA46B146A846EB
:10766C00F0BDC046844610B513000A0002486146BE
:10767C0001F0BEFC10BDC04661720020030008334F
:10768C0001224360C36003610023524282600360A5
:10769C007047C046002303617047C04643689A6830
:1076AC004B608A6051609960036808610133036024
:1076BC007047C04630B505002B0008680C00083335
:1076CC00421C0DD019005B681A688242FAD96360BB
:1076DC009C602B68A16001334C6025612B6030BD30
:1076EC0029694B68F3E7C0460369416882688A6080
:1076FC0051605968814205D0002202611868013836
:10770C00186070475A60F7E7F0B5DE464E465746AC
:10771C004546E0B583B00600FFF70AFD4523F45C4F
:10772C0064B2002C1EDD213B9C46B444E04608E0CC
:10773C00AA6BEB6B01969A4241D3013CE4B2002C4C
:10774C0010D0B56C002DF3D1736A002B0AD04046D3
:10775C0001F0F6F80028F0D001F0F2F9013CE4B2A7
:10776C00002CEED14523FF22F254FFF7EDFCFFF77E
:10777C00DFFC44233500F45C103564B2002C04DCCF
:10778C0011E0013CE4B2002C0DD03369002B0AD07F
:10779C00280001F0D5F80028F3D0013CE4B201F048
:1077AC00CFF9002CF1D14423FF22F254FFF7CCFC8B
:1077BC0003B0F0BCBB46B246A946A046F0BD45237B
:1077CC00EF5CAB6B2A6C013399467FB2002A12D165
:1077DC002A689246002A2AD0AB637B1C1CD16B6AA8
:1077EC00002BAAD02800243001F0AAF80028A4D03D
:1077FC0001F0A6F9B2E7686801A9FCF735FC6B68E3
:10780C002A6C9B18AA686B6093420ED32B686B6032
:10781C004B46AB637B1CE2D000F05AFDB84200D85B
:10782C008BE745230137EF5487E74B46D4E7A8682D
:10783C0001F092F95346AB604B468346AB637B1C1D
:10784C0009D16B6A002B0ED15B46002B00D174E77B
:10785C0001F076F982E700F03BFDB842F4D94523FC
:10786C000137EF54F0E72800243001F069F80028C4
:10787C0000D071E7E8E7C046F0B5C64600B5846CA9
:10788C0082B0A26BE36B002501909A4204D32800CE
:10789C0002B080BCB846F0BD4523E35C226C5EB2FE
:1078AC00A36B1F00002A1CD0606801A9FCF7DCFB4D
:1078BC006368226C9B18A2686360934201D32368AF
:1078CC00636000257B1CA363731C15D1636A002BBA
:1078DC00DDD02000243001F033F80028D7D001256A
:1078EC00D5E723689846002BEBD1A06801F034F95A
:1078FC0043460500A360E5E700F0EAFC8642C6D2E9
:10790C004522731CA354C2E7F8B505000E001700FE
:10791C00002841D0030C0A0C002B42D1002A30D194
:10792C00300068430300553336D8543001F09AFBCD
:10793C00041E31D00300002E31D12360E563266490
:10794C00FFF7F6FB216CE36B22684B43D0185B1AF4
:10795C006260D218E260FF2300254422A060200060
:10796C00A563A3540132A3541030FFF787FE200007
:10797C002430FFF783FEFFF7E7FB5023E754A564A1
:10798C000BE0131CA9B2B2B24A4380B29BB2434380
:10799C00120C9B181B0CC3D000242000F8BD5433D0
:1079AC00CBE7002AF8D1081CECE7C046F8B55746DF
:1079BC004E46DE4645460400E0B592461E0089461A
:1079CC00FFF7CCFBA26BE36B07009A4236D3002582
:1079DC003300022E09D03800FFF7C4FB2800F0BC9E
:1079EC00BB46B246A946A046F8BD4333E35C226CC5
:1079FC005BB29846A36BA56B9B46002A28D04946E0
:107A0C00E068FCF731FBE368226C21689B1AE360A9
:107A1C008B4202D2A3689B1AE360022E4ED04346DF
:107A2C000135A56301333AD000F052FC4346834242
:107A3C0002D245220133A3540125CCE74523E35C54
:107A4C00226C5BB29846A36BA56B9B46002A12D1A5
:107A5C0023689946002B45D043460135A563013375
:107A6C00E2D1A36C002B32D0022E1BD15B46002B33
:107A7C0018D00125AFE7002EC1D149466068FCF74C
:107A8C00F3FA6368226C01359B18A2686360934219
:107A9C0001D3236863604346A5630133C4D1A36C4F
:107AAC00002B14D02000FFF7E7FE0028C4D052466C
:107ABC00002AC1D00123012513608CE7002D17D0BB
:107ACC004346A5630133AFD1A36C002BCED1636ABF
:107ADC00002BB1D02000243000F032FF0028E6D17A
:107AEC00012578E7A06801F037F84B46A360B3E7AF
:107AFC000123A36343460133E6D095E7F0B5C646B0
:107B0C00040000B584B088460192FFF711FBA76B07
:107B1C00002F5BD1019B002B39D002A800F0CCFFC9
:107B2C0044264525FFF710FB00F0C4FBFFF700FBD4
:107B3C00A35D5BB2013301D10023A355635D5BB23E
:107B4C00013301D100236355FFF7FEFA01A902A806
:107B5C0000F0BEFF002821D1FFF7EAFAA36B002B3F
:107B6C0029D1FFF7F1FA20000199243000F0B8FD7B
:107B7C002000FFF7C9FD00F095FC002823D0FFF78B
:107B8C00D7FAA76B002F21D1019B002BCAD1FFF78D
:107B9C00DBFA002004B080BCB846F0BD2000FFF733
:107BAC00B3FD00F07FFCFFF7C3FAA36B002BEED004
:107BBC00FFF7CAFAE3E7FFF7C7FA2000FFF7A4FDC7
:107BCC0000F070FCDBE7FFF7A7FAD8E7226C002A7D
:107BDC0008D0E168A3688918E16099420BD240464D
:107BEC00FCF742FA7B1EA3632369002B06D1FFF737
:107BFC00ABFA0120CEE72168E160F0E720001030FD
:107C0C0000F09EFE0028F2D0FFF786FAEFE7C046A0
:107C1C0010B5002933D0434B5A68904200D174E020
:107C2C001A68002A2CD0DA68904200D177E09A6862
:107C3C00002A3ED05A69904200D16EE01A69002A9F
:107C4C003DD0DA69904262D09A69002A3DD05A6AD6
:107C5C00904242D01A6A002A43D0DA6A904258D035
:107C6C009A6A002A43D05A6B904254D01A6B002A5D
:107C7C0043D0DA6B904246D09A6B002A2AD010BDC2
:107C8C00DA6890424BD05A69904246D01A00DC69AF
:107C9C00A0423CD05C6AA0421FD0DC6AA04238D023
:107CAC005C6BA04237D0DC6BA0422CD011605060D2
:107CBC00E5E75A69904230D01A000832E7E7DA69F2
:107CCC00904224D01A001032E4E75A6A904204D051
:107CDC00154AE2E738331A00E8E70422D2009A1872
:107CEC00E4E7DA6A904214D01A002032D8E75A6BD3
:107CFC00904210D01A002832D5E7DA6B94461A005D
:107D0C0030326045D2D10722E8E70022E6E70322B1
:107D1C00E4E70522E2E70622E0E70222DEE70122A1
:107D2C00DCE7C046B8B90020D0B9002070B504001B
:107D3C0016000D00FFF7FCF94422A35C5BB2013383
:107D4C0001D10023A3544522A35C5BB2013301D1C2
:107D5C000023A354FFF7F8F9A36B002B03D02000EA
:107D6C00FFF7D2FC70BD200032002900243000F057
:107D7C0069FDF4E7F0B5C64600B50400FFF7D8F985
:107D8C00364A374F1368013313603B68002B34D0ED
:107D9C00344BE26A98461B68002B28D0324E33498C
:107DAC000B6801330B606364314B1968914200D24C
:107DBC001A6093009B189B00F1184A68A2609068A7
:107DCC000500E060201D68609060F258616101322E
:107DDC00F250FFF7B9F943461B68002B04D03B68FF
:107DEC00DA6AE36A9A4211D380BCB846F0BD3B68AC
:107DFC00DB6A9342D2D83C60D0E73C601368012B1D
:107E0C0007D0184BE26A9846174EC8E7FFF784F97B
:107E1C00EAE7154E35002800FFF730FC154B1435FA
:107E2C00AB42F8D1144B98461800FFF727FC134DC2
:107E3C002800FFF723FC1248FFF720FC1148FFF73E
:107E4C001DFC1148FFF71AFC4246104B1A60104BF0
:107E5C00E26A1D60034B9846A1E7C0469C080220CD
:107E6C0078050120380902208C050120A808022081
:107E7C00AC0802200C080120E0080220F4080220C3
:107E8C0024090220500902203C090220800501200F
:107E9C008405012000221F4B70B51F4C1A6023680B
:107EAC001E491B6B1A688A4202D1596891422AD02A
:107EBC00216820683431F8F795FB194B19481A687A
:107ECC009C469300991889004558002D08D1030051
:107EDC00143B5B181968143B013A0029FAD0930043
:107EEC009B189B00C518696808334968C0186960FD
:107EFC00814205D0CB68236063461A60236870BD4D
:107F0C00E9686960F6E79A688A42D1D1DB689342E6
:107F1C00CED1D2E77009022078050120A5A5A5A530
:107F2C00AC0802208C050120F8B5CE4647469500DA
:107F3C0080B5804628000E00994601F093F8071E84
:107F4C0000D187E0702001F08DF8041E00D17EE096
:107F5C0070220021FCF782F82A00A5213800276343
:107F6C00FCF77CF8236B043D5D1907239D43002E21
:107F7C004BD034223378A354002B43D07378013286
:107F8C00A354002B3ED0B3780132A354002B39D02C
:107F9C00F3780132A354002B34D033790132A3543B
:107FAC00002B2FD073790132A354002B2AD0B37934
:107FBC000132A354002B25D0F3790132A354002BAA
:107FCC0020D0337A0132A354002B1BD0737A0132A8
:107FDC00A354002B16D0B37A0132A354002B11D02A
:107FEC00F37A0132A354002B0CD0337B0132A3540F
:107FFC00002B07D0737B0132A354002B02D04223F9
:10800C00B27BE25443230022E254089E1F2E1CD85C
:10801C00201DE662E664FFF73DFB20001830FFF7F9
:10802C0039FB20239B1BA3614A464146280024614F
:10803C006462FFF761F8099B2060002B00D01C6084
:10804C002000C0BCB946B046F8BD1F26E0E738009A
:10805C0001F04CF80024F3E7F0B5C646124B00B51E
:10806C009846124D124F134E14E0FFF761F8FB685F
:10807C00DC68201DFFF738FB3368013B33602B684D
:10808C00013B2B60FFF760F8206B01F02FF820000C
:10809C0001F02CF82B68002BE7D143461B68012B11
:1080AC00F8D9FFF739F8F5E78C050120A008022074
:1080BC00500902209C08022010B582B0059C019446
:1080CC00049C0094FFF730FF002804D0FFF752FE09
:1080DC00012002B010BD01204042FAE7F8B50400BF
:1080EC00FFF726F8284E002C40D0251D2800FFF75E
:1080FC00FBFAA36A002B03D020001830FFF7F4FA28
:10810C00224F29003800FFF7C9FA6C22A35C012B1F
:10811C0001D10023A354FFF717F81D4D2B68002B3A
:10812C0003D13368A34211D0F8BDFFF701F8194B06
:10813C001A681268002A1BD01B68DB681A68164B79
:10814C001A60FFF701F83368A342EDD12B68002BBE
:10815C0014D1124A11683A6891420DD0104B1B6829
:10816C00002B0ED001220F4B1A60DDE73468BCE700
:10817C00094B013A1A60E4E73360D5E7FEF7CCFF10
:10818C00D2E7FFF787FECFE7780501203C090220F4
:10819C003809022080050120180902209C080220C1
:1081AC00A408022070090220F0B5C646204D040038
:1081BC002B6800B5834209D0002807D0FEF7B8FF22
:1081CC001C4B62699A4204D0FEF7BEFF80BCB846D5
:1081DC00F0BDA36A184A9342F6D0002BF4D16C334D
:1081EC00E35C012BF0D0231D18009846FFF77CFAB6
:1081FC00124AE36A11688B4200D913609A00104945
:10820C00D3189B00C8184268A2609668E6603700D5
:10821C0046467E609660CA5860610132CA502B682F
:10822C00DA6AE36A9A42CFD2FEF776FFCCE7C04611
:10823C00780501203C09022024090220AC08022008
:10824C008C05012010B5144B86B0002402936B46AC
:10825C0080221C73114B124801930094002352008E
:10826C0002A9FFF761FE002805D0FFF783FD00F09F
:10827C0079FE012803D00B4B1B6806B010BD72B6FB
:10828C000122094B52421A60084B1860084B1C60C3
:10829C00FEF798FFEFE7C04649444C450C09022015
:1082AC00497E0020E4A3002018090220380902208E
:1082BC0064090220024A1368013313607047C046F8
:1082CC00A4080220014B18687047C04664090220BC
:1082DC00014B18687047C0469C080220F0B5DE467A
:1082EC0057464E464546E0B5634B83B01B68002BA2
:1082FC0000D0A2E0614B1A68013294461A60002A41
:10830C0062D05F490B689C4573D35E4B002798463F
:10831C001B685D4C1B68002B00D1A9E05B4BE14650
:10832C009A465B4B45468C460097019338E01068A3
:10833C00013810609A6A002A0FD0D969186A8860CF
:10834C00D9694160180051681830814200D171E040
:10835C00002110689962013810600199D86A0A6886
:10836C00904200D908604646820012189200A1186B
:10837C00486898608768DF607E608660A0585961A5
:10838C000130A05052461068DA6AC36A93429B418E
:10839C00009A5B421A432B6800921B68002B61D039
:1083AC002B68DB68DB685A68914557D39968D868A5
:1083BC005A698860996841605068191D88468842DE
:1083CC00B5D1D8685060B2E72E4B324A19681068A4
:1083DC001860116030490A6801320A601A68126824
:1083EC00002A35D1012326495B420B600B689C4562
:1083FC008BD2264B00279A46234C53461B68DA6ACD
:10840C0093009B189B00E35801249C42A441234BEE
:10841C0064421B68002B18D0214B20001B685A1E8D
:10842C0093411843384303B0F0BCBB46B246A9464F
:10843C00A046F0BD186A50608AE7184A13680133E9
:10844C001360F8F7CDF80020EDE7F8F7C9F8E3E78B
:10845C001B680B49DB681B680B6053E76146009F88
:10846C000A60CAE71700614601235B420B60C4E750
:10847C00064B9A46F8E7C046A4080220640902207D
:10848C0018090220800501208C05012078050120A7
:10849C00AC080220840501201C09022020090220BE
:1084AC0070090220F8B5DE4657464E464546E0B503
:1084BC00FEF73EFE4B4B1A68013A1A601B68002B04
:1084CC0074D1494B1B68002B70D0484D2B68002B86
:1084DC0000D184E0464B47489C46474B9B46474B54
:1084EC00994600239846EB68DB68DC69196A9A6A3E
:1084FC00A160DC694C601900546818318C4267D05B
:10850C00414699621168013911609C68D9685A69B1
:10851C00A1609C684C6051681C1DA14255D011682B
:10852C00013911606246D96A1268914201D96246DA
:10853C0011608A00521892008618716899608F68D1
:10854C00DF607C608C6081585E61013181505A46DD
:10855C001168DA6ACB6A9A4232D94B4601221A6008
:10856C002B68002BBFD1264B1A681268002A32D018
:10857C001B68DB681A68234B1A60234F3D68002D7B
:10858C000AD00126FFF7AAFE002801D04B461E6038
:10859C00013D002DF6D13D604B461B68002B05D0EC
:1085AC00154B01241B68FEF7B7FD00E00024FEF715
:1085BC00CBFD2000F0BCBB46B246A946A046F8BD98
:1085CC002B68002B00D08EE7CDE7D9685160A6E769
:1085DC00196A516094E70B4B013A1A60CDE7074BCF
:1085EC009946CAE7A40802209C080220240902200C
:1085FC00AC0802208C0501207805012070090220AE
:10860C00800501201809022020090220F0B5C64679
:10861C00254A00B5136882B001330C00136023495E
:10862C0003680A681C1993420CD9A3420CD8046045
:10863C000024FFF737FF002829D0200002B080BCAF
:10864C00B846F0BDA34201D8A242F0D2184B0E6836
:10865C001B6800219846174B174D1B68046001934B
:10866C006D23B71A2A682868D1540430FFF73CF8F8
:10867C002B682968E4195C600431A6420AD9019878
:10868C00FFF718F80124FFF70DFF0028D5D1FEF7EE
:10869C0043FDD2E74046FFF70DF8084B1A689442A9
:1086AC00F0D21C600124EEE7A40802206409022029
:1086BC00800501208405012078050120180902207D
:1086CC00054B10B51B68002B03D00122034B1A601D
:1086DC0010BDFFF7DFFBFBE7A408022070090220A6
:1086EC00F0B5C646204C0D00216800B51831FEF7D8
:1086FC00E1FF1E4B00211E681D4B1B681F001D4B0C
:10870C001B68226898466D232068D1540430FEF70C
:10871C00EBFF6B1C15D023682168AD195D6004312B
:10872C00AE4205D94046FEF7C5FF80BCB846F0BD49
:10873C003800FEF7BFFF104B1A689542F5D21D604A
:10874C00F3E70E4B21685A688A6090682168C8600C
:10875C0021680431416021680431916022685361C1
:10876C001A6801321A60E0E77805012064090220DA
:10877C008005012084050120180902203C090220F3
:10878C008023F0B5C646294C15001B0622680B4306
:10879C0000B5936122684368D361996822681162BD
:1087AC00226818324A602268002118329A602368C5
:1087BC0098620368013303601D4B1E681D4B1B68D8
:1087CC001F001D4B1B68226898466D232068D154EE
:1087DC000430FEF789FF6B1C15D023682168AD1996
:1087EC005D600431AE4205D94046FEF763FF80BCA4
:1087FC00B846F0BD3800FEF75DFF104B1A68954285
:10880C00F5D21D60F3E70E4B21685A688A609068B8
:10881C002168C8602168043141602168043191608D
:10882C00226853611A6801321A60E0E7780501206A
:10883C00640902208005012084050120180902200A
:10884C003C090220F0B5C6469446374C4368226872
:10885C0000B5D3619A680D0021680A62216818314D
:10886C00516021681831996023689862036801335C
:10887C0003606346002B22D02C4B00211B682C4B31
:10888C001B682C4B1B686D2322682068D154043064
:10889C00FEF72AFF284B21685A688A609068216885
:1088AC00C8602168043141602168043191602268FC
:1088BC0053611A6801321A6080BCB846F0BD1B4B7C
:1088CC0061461E681A4B1B681F001A4B1B682268F6
:1088DC0098466D232068D1540430FEF705FF6B1CBD
:1088EC0015D02368AD195D60AE420AD821683800F6
:1088FC000431FEF7DFFE114B1A689542DCD21D6085
:10890C00DAE7216840460431FEF7D4FED4E722684A
:10891C00731953609E42F4D8216838000431FEF775
:10892C00C9FE064B1B68C7E77805012064090220C5
:10893C0080050120840501203C0902201809022031
:10894C00C36870B5DB68D869196A9A6A8160D8699E
:10895C004860180051681830814245D00021996256
:10896C00116801391160274A1268002A2ED19868C3
:10897C00D9685A69816098684860191D8C4651689D
:10898C00614534D01168013911601F4AD96A1068E9
:10899C00814227D866468A001C48521892008418D7
:1089AC00616899608D68DD606E608E6081585C6175
:1089BC0001318150164A00201168DA6ACB6A9A425A
:1089CC0003D90122134B01301A6070BD124A516851
:1089DC00D9618C681C626060886011689A62013190
:1089EC001160E7E71160D5E7196A5160B6E7D968FD
:1089FC005160116801391160034AD96A10688142CB
:108A0C00C8D9EFE7A4080220AC0802208C0501208D
:108A1C0078050120700902202409022080231B06FE
:108A2C0030B5026944680B4381680360C368A16078
:108A3C004C605468844232D00021016111689868FE
:108A4C0001391160D9685A69816098681C1D4860A9
:108A5C005168A14225D0116801391160124AD96AB6
:108A6C001068814200D911608A0010485218920097
:108A7C0081188C46496899608D68DD606C608C60EB
:108A8C0061465961815801318150094A1168DA6A8D
:108A9C00CB6A9A4202D90122064B1A6030BD516052
:108AAC00CAE7D9685160D6E7AC0802208C050120D2
:108ABC007805012070090220034B1B680360034BEF
:108ACC001B6843607047C0461C09022064090220E1
:108ADC00F8B504000D00FEF72BFB1649164A0B687F
:108AEC0010689C466D23C05C002807D000211268DA
:108AFC00D1540124FEF728FB2000F8BD2B685A1C2A
:108B0C0016D00E48276806686268B74204D06245E2
:108B1C0002D800232B60ECE76646B61AB342F8D9AC
:108B2C0066469B1B9B182B60036823600B68636075
:108B3C000024DFE764090220780501201C090220CB
:108B4C000122014B1A60704770090220014B186812
:108B5C007047C04678050120F8B5041E08D0036D97
:108B6C00C16AC26C013B0365914201D0002B01D05C
:108B7C000020F8BD071D0430FEF7B6FD2023E26C83
:108B8C009B1AA3610B4BE26219688A4200D91A60E6
:108B9C00930009499B189B00C8184268A26095680D
:108BAC00E5606F609760CA58606101320120CA505D
:108BBC00DFE7C046AC0802208C050120044B1A6884
:108BCC00196890691A682023C96A5B1A9361704707
:108BDC0078050120F0B55746DE464E464546E0B5D1
:108BEC00CC4B8BB00193CC4BCC4F9A46CC4BB9466B
:108BFC00039328239B46CB4D4B461B681E68002EC7
:108C0C0000D0A3E0FFF756FBFFF75CFB019A029044
:108C1C001368834200D9B6E053461B6810601A688B
:108C2C0053425A4103002868F11AFFF77FF8FFF707
:108C3C0039FC002800D1A3E01022002106A8FBF784
:108C4C000DFA0022286806A9FEF758FF0028D3D099
:108C5C00069B002B71DB089C6369002B02D0201D46
:108C6C00FEF742FDFFF72EFB019B06001B689842A6
:108C7C0000D2D4E0019B1E60069B092BE1D8039A1D
:108C8C009B00D3589F465B46E05C01235A46034346
:108C9C00A3540799A26924618B186360B34200D96D
:108CAC0008E1711A8A4231D8410710D40123984344
:108CBC005B46E0542000236A9847C2E7F31A9A42B5
:108CCC0000D91CE1236A200098473B00A269D71801
:108CDC0067602461BE42F1D29E4201D2BB42F1D9FF
:108CEC004B46211D1868FEF7E5FCE3E75B460122C5
:108CFC00E35C13435A46A354079B24619A19A3615E
:108D0C006260B24200D9DAE0002B9AD05346211DA2
:108D1C001868FEF7CFFC94E75B460122E35C9343B3
:108D2C005A46A3548DE75B46E35C9A0700D4E2E015
:108D3C00012293435A46A35483E7079B0999089849
:108D4C009847069B002B00DA7BE784E7DB681E68FC
:108D5C00FFF7B0FAFFF7B6FA019902900B6883425D
:108D6C0011D80860864200D8AFE0030000222868C2
:108D7C00F11AFEF7DBFFFFF795FB002800D05BE74D
:108D8C00FEF7CAF958E74B461B681A68002A3AD016
:108D9C000422049590460BE0012293435A46A354B7
:108DAC00236A200098474B461B681A68002A29D072
:108DBC00DB68DC681E68271D3800FEF795FC5B46F7
:108DCC004246E35C1A42E7D0A36924619D19F6433D
:108DDC006560B34209D8EE43236A20009847A36923
:108DEC002461ED186560B342F5D953463900186813
:108DFC00FEF760FC236A200098474B461B681A68F4
:108E0C00002AD5D1049D5246494612680A60524642
:108E1C001360019B029A1A60FFF744FB0CE74B4668
:108E2C001B681A68002A3ED00422029490460495CE
:108E3C0005900BE0012293435A46A354236A200069
:108E4C0098474B461B681A68002A29D0DB68DC68F7
:108E5C001E68271D3800FEF747FC5B464246E35C64
:108E6C001A42E7D0A36924619D19F6436560B342A9
:108E7C0009D8EE43236A20009847A3692461ED18B2
:108E8C006560B342F5D9534639001868FEF712FCF9
:108E9C00236A200098474B461B681A68002AD5D1D4
:108EAC00029C049D059E5246494612680A60524631
:108EBC001360DFE6B14202D9994200D8F4E64B4682
:108ECC00211D1868FEF7F6FBBBE6FFF7EBFA4B46E5
:108EDC001B68DB68DF683C1D2000FEF705FC5B4669
:108EEC00FB5C5A0711D4012293435A46BB543800F9
:108EFC003B6A9847A0E6200000F0F8F8A1E653463C
:108F0C00211D1868FEF7D6FBD4E6A0463300029C60
:108F1C0011E0C04610090220880501207C050120C3
:108F2C00E8A3002068090220E31A9A4213D83B6A8E
:108F3C00380098473300BA693F619E187E60A6429C
:108F4C00F2D9A34201D9B342F1D94B464146186834
:108F5C00FEF7B0FBCBE7534641461868FEF7AAFB79
:108F6C00C5E7C04670B582B0FEF7E2F8174C23682F
:108F7C00002B12D0FEF7E8F823680020002B0AD053
:108F8C00134B802201931F23124900931248002394
:108F9C00D200FFF791F802B070BD104E3000FEF712
:108FAC006DFB0F4D2800FEF769FB0E4B00221E6077
:108FBC000D4B10210A201D60FEF7A6FC2060002836
:108FCC00D8D00A49FEF724FED4E7C046680902202F
:108FDC006C090220FC9F0020C5890020B8080220E3
:108FEC00CC0802207C05012088050120F49F00207C
:108FFC0094461A00022300B55B4285B00093634689
:10900C000393054B01900291186869460023FEF703
:10901C00CDFC05B000BDC04668090220F8B50E00B5
:10902C00EFF3108772B60C4B84009B681D59A94254
:10903C0004D00A4B9D420AD2FAF7AAFB064B9B6856
:10904C001E51BFF35F8F87F310882800F8BD044BC7
:10905C009D42F3D3F0E7C04600ED00E0C0010010E4
:10906C00D401001070B507252B0004000340054205
:10907C0005D01A00093A824219D30834E41AFFF7D2
:10908C0019F9164B1D68002D1ED0002C15D0E1438C
:10909C00134A1368994210D312491C198C420CD8EC
:1090AC00ED181460FFF7FEF9002D0BD107E0FFF768
:1090BC0001F90A4B1A68002A0BD0FFF7F3F9F7F7FE
:1090CC0099FA0025280070BD0722074D95431D60B5
:1090DC00DBE7054AAA431A60EFE7C046700501209A
:1090EC0014090220F7FF0000870801207047C046D2
:1090FC007047C0460F22030C4340180A584003091E
:10910C0043401A40024B0120134118407047C0469F
:10911C0096690000030084469B070BD003000321D3
:10912C0002E001330B4206D01A78002AF9D16246CC
:10913C00981A7047030019680C4A0D488A188A431C
:10914C0002420FD15968094A04338A188A430242F1
:10915C0008D15968054A04338A188A430242F1D06F
:10916C0000E001331A78002AFBD1E0E7FFFEFEFE97
:08917C0080808080F8B5C04638
:10918400F0B5C646160000B504001F000268EFF3F0
:10919400108872B61368002BFCD0BFF35F8F65682C
:1091A4006B1C0ED02368BFF35F8F00221A6088F314
:1091B4001088FEF755F8A8420FD1002080BCB846AD
:1091C400F0BDFEF74DF823686060BFF35F8F0022A7
:1091D4001A6088F310880120F0E7FEF741F80500D3
:1091E40006E032003B002000FEF7B8F80028E4D186
:1091F4002268EFF3108172B61368002BFCD0BFF322
:109204005F8F63680133ECD123686560BFF35F8FC0
:1092140000221A6081F310880120CFE7F8B50D0011
:109224000400F9F7AFFBFA2206000F000023280020
:1092340000219200FAF7A6FE36184F41002F02DAF9
:109244000126124F7642FEF70BF8050006E03200C5
:109254003B002000FEF782F8002815D12268EFF3C6
:10926400108172B61368002BFCD0BFF35F8F636864
:109274000133ECD165602368BFF35F8F00221A606D
:1092840081F310880120F8BD0020FCE7FFFFFF7F79
:1092940010B50268EFF3108172B61368002BFCD08E
:1092A400BFF35F8F01235B424360FDF7EFFF10BD07
:1092B400084B9C461B78002B0BD18023064807499A
:1092C4005B051A68C25004338B42FAD1012362460B
:1092D400137070477A090220D4FF001000010010B7
:1092E40010B5014B984710BDD5FF0020064B5A68B6
:1092F40002609A684260DA6882601A69C2605A69D8
:1093040002619B6943617047000002400268064B9A
:109314005A6042689A608268DA60C2681A610269B7
:109324005A6142699A61704700000240034B1A680F
:10933400C0239B009343024A136070470C80014092
:109344000C900140054B1A6880239B005340C022B7
:1093540092001340024A13607047C0460C800140DB
:109364000C900140F0B5D6464F4646460023C0B5A2
:10937400182786B01E0081460D00988A3F493B8815
:10938400140098473B8880463D49B08A984700239B
:109394003C490600988A3B8898478246FFF788FF35
:1093A4006846FFF7A3FFC047B047FFF7CBFF211E76
:1093B4001CD00823C0209C464005163F6246836AA1
:1093C4001A401F4234D0631A002926D1002A0BD137
:1093D400002C0BD0C023082202265B059B6A1A408E
:1093E4001E423DD0002AF5D0002C2BD1FFF79EFF62
:1093F400D047FFF775FF6846FFF788FF06B0E0BC6B
:10940400BA46B146A846F0BD002C2BD1C022520565
:10941400966A08223240B6072BD50D2B19D9002A9B
:10942400F2D1C0225205966A08223240B607F4D41B
:10943400002A04D10B002343002BBFD1D6E70B0035
:10944400002CF9D0036E013C2B70230001350B4333
:10945400F2E74B461B780139036601239944E7E799
:109464000021E5E7C0235B051B6E013C2B70013531
:10947400A4E70B00A242DFD1DCE7C0464946000066
:1094840045580000464300000022154B10B59A6071
:10949400DA601A615A619A61DA611A625A629A62EE
:1094A400DA621A635A639A63DA631A645A649A64CE
:1094B400DA641A655A659A65DA651A665A669A66AE
:1094C400DA661A675A679A67DA67F03292000021FF
:1094D4000448FAF7C3FD044B044A1A6010BDC046A1
:1094E400000010506C01012038050120800110504B
:1094F400F0B54746CE4680B51C4B00249F6D01262F
:1095040085B0002F1BD01A4B98461A4B994604E09D
:109514000134E4B27600202C11D03E42F8D0434608
:109524009E65012365086D00A343ED186D014D444C
:10953400280000F017FC002806D1B743E8D105B095
:10954400C0BCB946B046F0BDEB8AE02103930023CA
:1095540001A8AA78C900018001210271437100F0B9
:1095640021FC280000F09CFBE7E7C04600001150F6
:10957400003011502C0101209823C84AF0B5D55869
:1095840080232E009B02102485B01E401D4274D0FF
:10959400C34BC44C9A6AC44B00261A603B23E35C59
:1095A400022B00D143E17B23E35C022B00D1F4E0E6
:1095B400BB23E35C022B00D1FBE0FB23E35C022B27
:1095C40000D10FE13C23FF33E35C022B00D13FE1E8
:1095D4007C23FF33E35C022B00D11BE1BC23FF336C
:1095E400E35C022B00D140E1FC23FF33E35C022B5C
:1095F40000D1EAE0AD4BE35C022B00D174E1AC4B4B
:10960400E35C022B00D1F9E0AA4BE35C022B00D10E
:1096140075E1A94BE35C022B00D133E1A74BE35C7A
:10962400022B00D1A0E1A64BE35C022B00D171E137
:10963400A44BE35C022B00D1A1E1A34BE35C022B1E
:1096440000D17FE1002E08D1A04B1B78002B04D160
:1096540080219F4A90338902D150C02269468F4BA2
:1096640092009B6C80265B058A805B0D012101A81A
:10967400029300F097FB974CB602EB0600D580E00E
:1096840080235B021D422FD00224864F1E43BB7EE3
:10969400002B14D0F9F7B6F9012800D975E0C022DF
:1096A40000213800920100F001FB380000F0F8FAC4
:1096B400F9F7A8F9012802D9854B5C661C660123D9
:1096C400FB702037012C20D1C0236A46DB00938035
:1096D400814A02AB03CA03C3012101A800F062FB63
:1096E40080227B4B92021A6580235B011D420ED1BE
:1096F4008023DB011D4226D180231B021D4232D16F
:10970400AE4200D0C2E105B0F0BD0124BFE700279E
:10971400624C1E432760FFF7B7FE80236A465B0056
:1097240093801772012101A800F03CFB8022684B52
:1097340012031A65E36CDB03DAD5FDF7B9FA80236B
:10974400DB011D42D8D01E4380236A46DB00938090
:10975400012101A800F026FB10225D4B1A6580232D
:109764001B021D42CCD01E43A0236A46DB0093801B
:10977400012101A800F016FB8022554B12011A6545
:10978400BEE7FFF7B5FE26007AE7544B434A1C6652
:10979400536E2340A342FBD181E77833E75C002F6B
:1097A40000D105E70233E25C002A00D00CE13E0060
:1097B400FEE6B833E75C002F00D1FEE60233E25C3C
:1097C400002A00D0F8E03E00F7E6F933FF33E75C07
:1097D400002F00D10EE70233E25C002A00D03EE104
:1097E4003E0007E7F833E75C002F00D1EAE60233D6
:1097F400E25C002A00D02AE13E00E3E6384BE75C55
:10980400002F00D100E70233E25C002A00D016E109
:109814003E00F9E67933FF33E75C002F00D1DDE643
:109824000233E25C002A00D000E13E00D6E6383381
:10983400E65C002E00D1B6E60233E25C002A00D1D9
:10984400B1E6200000222030E25400F057FAAAE6E4
:109854003933FF33E75C002F00D1B9E60233E25C11
:10986400002A00D0D9E03E00B2E6B933FF33E75C0A
:10987400002F00D1B8E60233E25C002A00D0C3E036
:109884003E00B1E6174BE75C002F00D1C6E6023379
:10989400E25C002A00D0AFE03E00BFE600001150B9
:1098A400004005402C010120200101203B02000062
:1098B4007B020000BB020000FB0200003B0300002F
:1098C4007B030000BB030000FB03000078090220B7
:1098D4000030115010000200000010500020115000
:1098E4007A020000FA0200006B4BE75C002F00D103
:1098F40085E60233E25C002A76D13E007FE6674BC0
:10990400E75C002F00D184E60233E25C002A63D1D5
:109914003E007EE6624BE75C002F00D188E602330E
:10992400E25C002A00D0A3E05E4BE35C022B30D162
:109934005D4BE35C002B27D15C4BE35C022B00D036
:109944008BE63E005A4BE35C002B00D17AE6FF2302
:109954009B00E25C002A00D17FE60022E2541C3B1B
:10996400E01800F0CBF978E6524BE75C002F00D109
:1099740059E60233E25C002A16D13E0053E64A4B14
:10998400E35C002B00D158E6EF239B00E25C002A45
:1099940075D1464BE35C022B00D05EE6444BE35C9E
:1099A400002B00D159E6D2E70022E2541C3BE01818
:1099B40000F0A4F93E0036E620000022A030E25474
:1099C4003E0000F09BF9F8E5200000226030E254EC
:1099D4003E0000F093F9EBE50022E2541C3BE01852
:1099E40000F08CF93E0014E60022E2541C3BE0181F
:1099F40000F084F93E0002E60022E2541C3BE01829
:109A040000F07CF93E0009E620000022A130FF307E
:109A1400E2543E0000F072F9E6E520000022213015
:109A2400FF30E2543E0000F069F9D1E52000002245
:109A34006130FF30E2543E0000F060F9CEE50022D0
:109A4400E2541C3BE01800F059F93E00DCE520002C
:109A54000022E030E2543E0000F050F9B2E520006C
:109A64000022E130FF30E2543E0000F047F9C1E546
:109A74000022E2541C3BE01800F040F954E70022B5
:109A8400E2541C3BE01800F039F982E731000A483F
:109A94006940F8F7BDFFC0463A020000BA02000070
:109AA4007A030000BB030000BA030000FB030000BC
:109AB400FA0300003A030000949F0020F0B58C469E
:109AC400838A018B020083B00E1C994200D91E1CAC
:109AD400B6B29B1B9CB2D37880211800451EA841C6
:109AE400C90031434003084301214B40D3705378EC
:109AF4009482002B32D11169002E2AD06346D46897
:109B04009B01E418731E0193062B32D923000B43E7
:109B14009B072ED1631A013B022B2AD90023B708D5
:109B2400BF00CD58E5500433BB42FAD19E420ED05B
:109B3400019DE418EF1ACD18C95C2170019999426E
:109B440005D06B786370012F01D0AB78A3701169D5
:109B5400948A802389191B0211611843002C02D1B5
:109B64008023DB0118436346002B00D0000403B0BC
:109B7400F0BD0023CD5CE55401339E42FAD1E6E703
:109B84008368F0B51A68002900D0120C4378920556
:109B9400950D002B09D1C38AEB18C382038BAB420A
:109BA40001D9002383822800F0BD0469002D28D048
:109BB400C36889016F1EBC465E18062F27D9013180
:109BC4005B18E31A022B22D9230033439B071ED1CF
:109BD4000023120E9200F158E15004339A42FAD154
:109BE40095420DD063469F1AA318B45CB1181C703B
:109BF400944505D04A785A70012F01D08A789A701A
:109C04000469C38A6419EB18C3820461C6E700229D
:109C1400B35CA35401329542FAD10469F1E7C0461A
:109C240010B50400836800211B68FFF7A9FF63686F
:109C34001B685B0002D5238B834200D010BD012139
:109C44002000FFF79DFFF9E7084B1A6C00239207E9
:109C540003D48278D209012A01D018007047C37E48
:109C6400023B5A425341DBB2F7E7C04600001150B1
:109C740010B5FFF7E9FF00280AD0064B064A9B6A95
:109C8400064912685B189B1A0020C6229A4240417A
:109C940010BDC0460040054020010120E0FCFFFF4C
:109CA40000238376436103617047C04610B583681F
:109CB400002901D01C682140002A12D08024E4002D
:109CC400114322420DD01A6822420CD1084A0A409C
:109CD4001A60084A126C920703D40C23033BFDD28A
:109CE4008368196010BD81780348F8F791FEC04677
:109CF400FFFBFFFF00001150A89F0020436870B5D0
:109D04000021802504001E68FFF7D8FE124B6D0168
:109D14001A6C0543A37892070ED55B060ED00F4B41
:109D24001E4080239B05334362680021136020009A
:109D34002A00FFF7BBFF70BDDB09F0D0A38A002B1C
:109D4400EDD001212000FFF7B9FEA023044ADB0572
:109D5400324005431343E7E700001150FFFFFFAF14
:109D6400FFFFFFDF70B5857E0400002D14D0FFF7E0
:109D740057FFA38A002B01D1280070BD2000FFF7F4
:109D840077FF002803D0012300252377F4E7200080
:109D9400FFF7B4FF0025EFE781780148F8F738FEB4
:109DA400C89F0020F0B54746CE4680B543780500ED
:109DB4000F0085B0062B07D8694A9B00D3589F46ED
:109DC400684A137801331370674B1C686269EFF3B8
:109DD400108172B61368002BFCD0BFF35F8FA161B2
:109DE40020002900FCF764FD6269A369BFF35F8F5B
:109DF4000021116083F31088002804D105B0C0BC91
:109E0400B946B046F0BD3A0069782878FAF7ACFD57
:109E1400F4E70121554B1A788A431A701A780131F4
:109E24008A431A7000225A701A7802318A431A70CF
:109E3400CAE74F494F4B88464F491E001A78002401
:109E44000023894612E04B461B6861015B18002B16
:109E540006D0DB69002B03D06968287898473278EC
:109E64000134E4B2911C2300A14217DBA242EAD8D8
:109E74009B1A5B014344ECE73C4B1A78D207BDD5EF
:109E840004211A780A431A709EE7384B1A78D207CD
:109E9400B4D504211A788A431A7095E7334A1378A3
:109EA400904611005B0728D51378042201AC934334
:109EB4000B70200000210832FAF7D0F82B782370B9
:109EC40005236370284B1B6818005A69EFF310814F
:109ED40072B61368002BFCD0BFF35F8F060081615C
:109EE4002100FCF7E5FC7269B369BFF35F8F0021C1
:109EF400116083F3108800282CD14346DB78DB07FC
:109F040000D47BE72B7801AC2370032363706B6868
:109F14006360154B1D686A69EFF3108172B61368AC
:109F2400002BFCD0BFF35F8FA96128002100FCF750
:109F3400BFFC6A69AB69BFF35F8F0021116083F3D3
:109F44001088002800D159E73A0061782078FAF7A0
:109F54000BFD53E73A0061782078FAF705FDCCE76A
:109F640024A30020790902203CBE0020E4BD002087
:109F740040A3002075090220ECBB002050524F4240
:109F8400452052455345540050524F4245205357A3
:109F9400434C4B0050524F424520535744494F00C5
:109FA40050524F4245205541525420494E54455237
:109FB4004641434520756172743100000000000081
:109FC40050524F424520554152542042415544522B
:109FD40041544520313135323030000050524F4227
:109FE40045205541525420545800000050524F42CD
:109FF4004520554152542052580000005455440005
:10A0040057444F47000000005541525400000000DF
:10A0140044415000737461636B206F766572666CA3
:10A024006F7720286E6F74207468652068656C7083
:10A0340066756C206B696E642920666F72202573C7
:10A044000A0000004D616C6C6F63204661696C65A9
:10A05400640A000044696F646520496E630000006F
:10A0640044696F64652050726F6265207633000026
:10A07400434D5349532D44415020763120496E7449
:10A084006572666163650000434D5349532D444135
:10A094005020763220496E746572666163650000F3
:10A0A4004344432D41434D205541525420496E743D
:10A0B4006572666163650000322E302E3000000048
:10A0C400486172647761726520616C61726D2025EC
:10A0D4006420616C726561647920636C61696D658B
:10A0E400640000000A2A2A2A2050414E4943202AAB
:10A0F4002A2A0A000A0000006E6F742073757070BB
:10A104006F727465640000004E6F207370696E6C2A
:10A114006F636B732061726520617661696C616243
:10A124006C65000048617264206173736572740029
:10A1340052656C6561736500626F6F74325F77326C
:10A144003571303830000000322E322E30000000DD
:10A154007069636F00000000646D303030325F64FA
:10A164006562756770726F62650000004D617220F0
:10A1740020372032303236005541525420737464F3
:10A18400696E000055415254207374646F757400F5
:10A194005541525420737464696E202F2073746483
:10A1A4006F757400556E68616E646C656420495205
:10A1B4005120307825780A006570202530325820E7
:10A1C40077617320616C726561647920617661697D
:10A1D4006C61626C6500000043616E277420636FDC
:10A1E4006E74696E75652078666572206F6E20697D
:10A1F4006E6163746976652065702025303258007D
:10A204004C454400546D725100000000546D72209E
:10A214005376630009005250000004006C9D002036
:10A224000900525000000800789D00200900525097
:10A2340000001000849D00200600525053B4F4A185
:10A24400909D00200600525053B4F4A1B09D00200C
:10A254000900525000000020CC9D002009005250FB
:10A2640000000010DC9D00200A000000000003062E
:10A27400B200080001000000A8000800020000006D
:10A28400A0001400030057494E555342000000003B
:10A294000000000000008400040007002A004400BD
:10A2A4006500760069006300650049006E00740073
:10A2B4006500720066006100630065004700550098
:10A2C400490044007300000050007B004300440038
:10A2D4004200330042003500410044002D003200AA
:10A2E4003900330042002D003400360036003300BC
:10A2F4002D0041004100330036002D0031004100A3
:10A304004100450034003600340036003300370085
:10A31400370036007D00000000000000050F21001A
:10A32400011C100500DF60DDD88945C74C9CD2654F
:10A334009D9E648A9F00000306B200010000000095
:10A34400090400000600FF0901A101090215002605
:10A35400FF007508954081020903150026FF00756A
:10A364000895409102C00000120110020000004054
:10A374008A2E0C00000301020301000074A10020D6
:10A384000BFF0000A08001714119A090286081603A
:10A39400A56042A001594710208000000000000081
:10A3A400390F0020450F00203D0F0020810F0020B1
:10A3B400410F002025100020000000002E15002071
:10A3C4001C1500200E150020FE140020F21300209E
:10A3D400B213002086130020BC1200207213002048
:10A3E400DC140020D2140020BC120020BC12002077
:10A3F400BC120020BC120020BC1200205214002009
:10A40400141400206A150020521500202E13002079
:10A414001A1300208C150020BC120020BC1200204E
:10A42400BC120020BC120020BC120020BC12002070
:10A43400C412002006005250D3F07542209F002021
:10A4440006005250E182887F289F00200600525067
:10A45400ABB36053389F002006005250BBFF3CB69C
:10A46400409F002006005250861C0302489F002093
:10A47400060052505422A29D5C9F002005005250B9
:10A48400DE65F468C4A700100D0A000006005250EF
:10A4940053B4F4A1809F0020080052501200000021
:10A4A400080052509210000072490020D84A00203F
:10A4B400284B0020B04A0020C24A0020A04A0020B5
:10A4C400124A0020BE490020B2490020924E0020CA
:10A4D400784E0020464C0020B24E0020464C00200E
:10A4E400604E00204C4E0020464C0020384E002088
:10A4F400404D0020464C00201E51002010510020E9
:10A5040004510020464C0020464C0020EE50002010
:10A5140010510020464C0020464C0020464C0020A0
:10A52400464C0020464C0020464C0020464C00205F
:10A53400A6500020B89B0020B89B0020029C00205D
:10A54400229C0020689C00207A9C0020B09B002064
:10A55400000000006D570020E95700201958002022
:10A564006158002009590020F9590020000000001A
:10A57400000000006D5B0020815B0020855B0020F3
:10A58400995B0020255C0020CD5D002000000000C8
:10A5940000000000555E0020B95E0020D95E002056
:10A5A400055F0020C90200200D60002000000000AB
:10A5B400365C0020285D0020165D0020045D00202C
:10A5C400365C0020365C0020365C0020365C0020BF
:10A5D400365C0020C25C0020A65C0020925C002057
:10A5E4000900525000000002F09F00200800525061
:10A5F400121002001F000000328A0020768A002018
:10A60400768A0020088B0020DC8A0020168B00202C
:10A61400768A0020768A0020088B0020DC8A0020BD
:10A6240030A10020449E0020509E0020800802207B
:10A63400609E0020789E0020909E00200902620007
:10A6440003010080320904000002FF000005070531
:10A65400040240000007058502400000080B0102C7
:10A6640002020000090401000102020006052400A0
:10A674002001052401000204240206052406010227
:10A684000705810340001009040200020A000000CB
:10A694000705020240000007058302400000000095
:10A6A400050000006400000000000000000000003D
:10A6B40000000000000000000000000038B6002088
:10A6C4001000000000000000000001000000000075
:10A6D4000000000000000200000000000000000074
:10A6E4000000030000000000000000000000FF0064
:10A6F4000000000001B5486801318E4600477046ED
:10A7040009380149884701BD752E0020000000006A
:10A71400503300004C330000543300005233000027
:10A724004D5300004D4300005334000043340000F7
:10A734007141002071420020BD410020854200206B
:10A74400000000000001000040BE002010000C00CA
:10A7540000000000000000000000000000000000F5
:10A7640000000000FFFF00000000000000000000E7
:10A774000000000000000000B5350020E135002095
:10A78400C93700203D3E0020A53C0020A93D002003
:10A79400F1360020FD3500201D3600203136002022
:10A7A400B51F002039360020752300207D35002098
:10A7B400F929002095430020ED0000203972002083
:04000005100001E9FD
:00000001FF
